Workbook

Sheet General settings
A2: IMPOSTAZIONI GENERALI
A3: Inizio giornata sabato | C3: 0.375
A4: Durata ciclo | C4: 23 | D4: minuti
A5: Inizio semifinali | C5: 0.375
A6: Inizio finali | C6: 0.4375

Sheet 4x4 MIX
A1: Category: | B1: 4x4 MIX
B3: TEAM | C3: PLAYERS | J3: AGENCY
B4: EUIPO 5 | C4: CSENKE JUDIT | D4: BILLERAULT AURELIEN | E4: CORRADO ALESSANDRO | F4: GURRIERI ROSARIO | G4: ROMERO JULIAN | H4: Federica Foti | J4: EUIPO
B5: Dandy Dandelions | C5: Anna Sofia Messeri | D5: Natalia Alberska | E5: Radovan Kyselica | F5: Oliver Bosnar | G5: Mateusz Rudzik | J5: FRONTEX
B6: Aperol | C6: Monika Ciesielska | D6: Evgenia Kalogeropoulou | E6: Filipe Paisana | F6: Jakub Banka | G6: Claudiu Chirias | H6: Georgios Dimitropoulos | J6: FRONTEX
B7: Ferwanek | C7: Aleksandra Wajda | D7: Federica Ferrari | E7: Damian Krzak | F7: Dariusz Neuhoff von der Ley | G7: Jori Tyni | J7: FRONTEX
B8: Sometimes maybe good | C8: Seixas Joao | D8: Conti Lucia | E8: Klayn Aglika | F8: Bonato Stefano | G8: Rausch Laura | J8: EUROJUST
B9: EFSA 6 | C9: Kralova Irena | D9: Pecoraro Simona | E9: Marchese Emanuela | F9: Marchesini Matteo | G9: Ackerl Reinhard | H9: Ferri Alessandro | J9: EFSA
B10: House of Medici | C10: Mihaela Pereteatcu | D10: Valentina Cordo | E10: Thibaut Sauces | F10: Frank Pétavy | G10: Evangelos Kotzagiorgis | H10: Caroline Pothet | J10: EMA
B11: EUAA Comets | C11: Tania | D11: Claudia | E11: Vasileios | F11: Daniela | G11: Maria | J11: EUAA
B12: Mela Blinders | C12: Filothei | D12: Anna Isabel | E12: Raquel | F12: Wade | G12: Valeria | J12: EUAA
B13: EUROPOL 4 MIX | C13: Stanciu Anca | D13: Serra Jose Manuel de Jesus | E13: Ciprian Istudor | F13: Federica C. | J13: EUROPOL
B14: Horizon setters | C14: Piiroja Ivi | D14: ANTONELLI Margherita | E14: Deniz Javier | F14: Napolitano Andrea | J14: REA
B15: REALL | C15: Scioni Barbara | D15: Medarova Keti | E15: Paunovic Ogren | F15: Amedja Ecki | J15: REA
B16: Che fastidio | C16: Michela | D16: Silvio | E16: Flavio | F16: Elisa B. | J16: JRC
B17: Sand by me | C17: Daniele | D17: Fabio | E17: Roberto | F17: Federica R. | G17: Ilaria | J17: JRC
B18: Upsand Down | C18: Tom | D18: Mauro Gabbarini | E18: Federica Ferretti | F18: Diana | G18: Boba | H18: Giovanni | J18: JRC
A20: =+COUNTA(B4:B18) -> 15
A21: Groups
A22: A | B22: B | C22: C | D22: D | E22: E
A23: =+B4 -> EUIPO 5 | B23: =+B5 -> Dandy Dandelions | C23: =+B6 -> Aperol | D23: =+B7 -> Ferwanek | E23: =+B8 -> Sometimes maybe good
A24: =+B9 -> EFSA 6 | B24: =+B10 -> House of Medici | C24: =+B11 -> EUAA Comets | D24: =+B12 -> Mela Blinders | E24: =+B13 -> EUROPOL 4 MIX
A25: =+B14 -> Horizon setters | B25: =+B15 -> REALL | C25: =+B16 -> Che fastidio | D25: =+B17 -> Sand by me | E25: =+B18 -> Upsand Down
C27: Calendar | H27: Referee | I27: Score
A28: Torneo | B28: Group | C28: Team1 | D28: Team 2 | E28: Court | F28: Date | G28: Time
A29: 4x4Mix | B29: C | C29: =+C23 -> Aperol | D29: =+C24 -> EUAA Comets | E29: 3 | F29: 46186 | G29: ='General settings'!C$3 -> 0.375 | H29: =+D34 -> Che fastidio
A30: 4x4Mix | B30: B | C30: =+B23 -> Dandy Dandelions | D30: =+B24 -> House of Medici | E30: 4 | F30: 46186 | G30: ='General settings'!C$3 -> 0.375 | H30: =+D35 -> REALL
A31: 4x4Mix | B31: A | C31: =+A23 -> EUIPO 5 | D31: =+A24 -> EFSA 6 | E31: 1 | F31: 46186 | G31: ='General settings'!C$3 -> 0.375 | H31: =+D36 -> Horizon setters
A32: 4x4Mix | B32: D | C32: =+D23 -> Ferwanek | D32: =+D24 -> Mela Blinders | E32: 2 | F32: 46186 | G32: ='General settings'!C$3 -> 0.375 | H32: =+D37 -> Sand by me
A33: 4x4Mix | B33: E | C33: =+E23 -> Sometimes maybe good | D33: =+E24 -> EUROPOL 4 MIX | E33: 3 | F33: 46186 | G33: =G29+'General settings'!C$4/1440 -> 0.39097222 | H33: =+D38 -> Upsand Down
A34: 4x4Mix | B34: C | C34: =+C24 -> EUAA Comets | D34: =+C25 -> Che fastidio | E34: 4 | F34: 46186 | G34: =G30+'General settings'!C$4/1440 -> 0.39097222 | H34: =+C39 -> Aperol
A35: 4x4Mix | B35: B | C35: =+B24 -> House of Medici | D35: =+B25 -> REALL | E35: 1 | F35: 46186 | G35: =G31+'General settings'!C$4/1440 -> 0.39097222 | H35: =+C40 -> Dandy Dandelions
A36: 4x4Mix | B36: A | C36: =+A24 -> EFSA 6 | D36: =+A25 -> Horizon setters | E36: 2 | F36: 46186 | G36: =G32+'General settings'!C$4/1440 -> 0.39097222 | H36: =+C41 -> EUIPO 5
A37: 4x4Mix | B37: D | C37: =+D24 -> Mela Blinders | D37: =+D25 -> Sand by me | E37: 3 | F37: 46186 | G37: =G33+'General settings'!C$4/1440 -> 0.40694444 | H37: =+C42 -> Ferwanek
A38: 4x4Mix | B38: E | C38: =+E24 -> EUROPOL 4 MIX | D38: =+E25 -> Upsand Down | E38: 4 | F38: 46186 | G38: =G34+'General settings'!C$4/1440 -> 0.40694444 | H38: =+C43 -> Sometimes maybe good
A39: 4x4Mix | B39: C | C39: =+C23 -> Aperol | D39: =+C25 -> Che fastidio | E39: 1 | F39: 46186 | G39: =G35+'General settings'!C$4/1440 -> 0.40694444 | H39: =+D29 -> EUAA Comets
A40: 4x4Mix | B40: B | C40: =+B23 -> Dandy Dandelions | D40: =+B25 -> REALL | E40: 2 | F40: 46186 | G40: =G36+'General settings'!C$4/1440 -> 0.40694444 | H40: =+D30 -> House of Medici
A41: 4x4Mix | B41: A | C41: =+A23 -> EUIPO 5 | D41: =+A25 -> Horizon setters | E41: 3 | F41: 46186 | G41: =G39+'General settings'!C$4/1440 -> 0.42291667 | H41: =+D31 -> EFSA 6
A42: 4x4Mix | B42: D | C42: =+D23 -> Ferwanek | D42: =+D25 -> Sand by me | E42: 4 | F42: 46186 | G42: =G40+'General settings'!C$4/1440 -> 0.42291667 | H42: =+D32 -> Mela Blinders
A43: 4x4Mix | B43: E | C43: =+E23 -> Sometimes maybe good | D43: =+E25 -> Upsand Down | E43: 1 | F43: 46186 | G43: =G39+'General settings'!C$4/1440 -> 0.42291667 | H43: =+D33 -> EUROPOL 4 MIX
A44: 4x4Mix | B44: Playoffs | C44: =+A50 -> Group winner 5th best ranked team | D44: =+A52 -> Group winner 4th best ranked team | E44: 1 | F44: 46186 | G44: =G43+'General settings'!C$4/1440 -> 0.43888889
A45: 4x4Mix | B45: Playoffs | C45: =+A54 -> Group winner 3rd best ranked team | D45: =+A56 -> Best second of the groups | E45: 2 | F45: 46186 | G45: =G44 -> 0.43888889
C48: Group winner 1st best ranked team
E49: First finalist
A50: Group winner 5th best ranked team
C51: Winner of the first playoff
A52: Group winner 4th best ranked team | G52: Winner
A54: Group winner 3rd best ranked team
C55: Winner of the second playoff
A56: Best second of the groups | E56: Second finalist
C58: Group winner 2nd best ranked team
C60: SEMIFINALS | E60: FINALS

Sheet 2x2M
A2: Category: | B2: 2x2 MEN
B4: TEAM | C4: PLAYERS | E4: AGENCY
B5: Europol 2x2 men | C5: Ciprian Istudor | D5: Ionut Sava | E5: EUROPOL
B6: Chill-out | C6: Mateusz Rudzik | D6: Mariusz Dzierżawski | E6: FRONTEX
B7: Ballbreakers | C7: Oliver Bosnar | D7: Michal Narojek | E7: FRONTEX
B8: DP's | C8: Filipe Paisana | D8: Georgios Dimitropoulos | E8: FRONTEX
B9: Dunaj & Wisla | C9: Radovan Kyselica | D9: Dariusz Neuhoff von der Ley | E9: FRONTEX
B10: Bacalhau&porchetta | C10: Seixas Joao | D10: Bonato Stefano | E10: EUROJUST
B11: EFSA 1 | C11: Marchesini Matteo | D11: Ackerl Reinhard | E11: EFSA
B12: EFSA 2 | C12: Ferri Alessandro | D12: Marinelli Andrea | E12: EFSA
B13: I transalpini | C13: Frank Pétavy | D13: Thibaut Sauces | E13: EMA
B14: Beach control | C14: Evangelos Kotzagiorgis | D14: Alex Gentimis | E14: EMA
B15: Valletta's Tritons | C15: Vasileios | D15: Wade | E15: EUAA
B16: Too hot for indoor | C16: Daniele | D16: Carlo | E16: JRC
... B18: JRC 3 | C18: Mauro Gabbarini | D18: Tom | E18: JRC
A20: =+COUNTA(B5:B18) -> 14
A22: Groups
A23: A | B23: B | C23: C | D23: D
A24: =+B16 -> Too hot for indoor | B24: =+B5 -> Europol 2x2 men | C24: =+B10 -> Bacalhau&porchetta | D24: =+B11 -> EFSA 1
A25: =+B6 -> Chill-out | B25: =+B7 -> Ballbreakers | C25: =+B8 -> DP's | D25: =+B17 -> Que farà Farà
A26: =+B12 -> EFSA 2 | B26: =+B18 -> JRC 3 | C26: =+B13 -> I transalpini | D26: =+B9 -> Dunaj & Wisla
A27: =+B15 -> Valletta's Tritons | B27: =+B14 -> Beach control
C29: Calendar | H29: Referee | I29: Score
A30: Torneo | B30: Group | C30: Team1 | D30: Team 2 | E30: Court | F30: Date | G30: Time
A31: 2x2M | B31: A | C31: =+A24 -> Too hot for indoor | D31: =+A25 -> Chill-out | E31: 1 | F31: 46186 | G31: ='4x4 MIX'!G44+'General settings'!C$4/1440 -> 0.45486111 | H31: =+A27 -> Valletta's Tritons
A32: 2x2M | B32: B | C32: =+B24 -> Europol 2x2 men | D32: =+B25 -> Ballbreakers | E32: 2 | F32: 46186 | G32: ='4x4 MIX'!G45+'General settings'!C$4/1440 -> 0.45486111 | H32: =+C36 -> JRC 3
A33: 2x2M | B33: C | C33: =+C24 -> Bacalhau&porchetta | D33: =+C25 -> DP's | E33: 1 | F33: 46186 | G33: =G31+'General settings'!C$4/1440 -> 0.47083333 | H33: =+D37 -> I transalpini
A34: 2x2M | B34: D | C34: =+D24 -> EFSA 1 | D34: =+D25 -> Que farà Farà | E34: 2 | F34: 46186 | G34: =G32+'General settings'!C$4/1440 -> 0.47083333 | H34: =+D38 -> Dunaj & Wisla
A35: 2x2M | B35: A | C35: =+A24 -> Too hot for indoor | D35: =+A26 -> EFSA 2 | E35: 1 | F35: 46186 | G35: =G33+'General settings'!C$4/1440 -> 0.48680556 | H35: =+D31 -> Chill-out
A36: 2x2M | B36: B | C36: =+B26 -> JRC 3 | D36: =+B27 -> Beach control | E36: 2 | F36: 46186 | G36: =G34+'General settings'!C$4/1440 -> 0.48680556 | H36: =+C40 -> Europol 2x2 men
A37: 2x2M | B37: C | C37: =+C25 -> DP's | D37: =+C26 -> I transalpini | E37: 1 | F37: 46186 | G37: =G35+'General settings'!C$4/1440 -> 0.50277778 | H37: =+C41 -> Bacalhau&porchetta
A38: 2x2M | B38: D | C38: =+D25 -> Que farà Farà | D38: =+D26 -> Dunaj & Wisla | E38: 2 | F38: 46186 | G38: =G36+'General settings'!C$4/1440 -> 0.50277778 | H38: =+C42 -> EFSA 1
A39: 2x2M | B39: A | C39: =+A26 -> EFSA 2 | D39: =+A27 -> Valletta's Tritons | E39: 1 | F39: 46186 | G39: =G37+'General settings'!C$4/1440 -> 0.51875 | H39: =+A24 -> Too hot for indoor
A40: 2x2M | B40: B | C40: =+B24 -> Europol 2x2 men | D40: =+B26 -> JRC 3 | E40: 2 | F40: 46186 | G40: =G38+'General settings'!C$4/1440 -> 0.51875 | H40: =+C44 -> Ballbreakers
A41: 2x2M | B41: C | C41: =+C24 -> Bacalhau&porchetta | D41: =+C26 -> I transalpini | E41: 1 | F41: 46186 | G41: =G39+'General settings'!C$4/1440 -> 0.53472222 | H41: =+D33 -> DP's
A42: 2x2M | B42: D | C42: =+D24 -> EFSA 1 | D42: =+D26 -> Dunaj & Wisla | E42: 2 | F42: 46186 | G42: =G40+'General settings'!C$4/1440 -> 0.53472222 | H42: =+D34 -> Que farà Farà
A43: 2x2M | B43: A | C43: =+A25 -> Chill-out | D43: =+A27 -> Valletta's Tritons | E43: 1 | F43: 46186 | G43: =G41+'General settings'!C$4/1440 -> 0.55069444 | H43: =+C45 -> Too hot for indoor
A44: 2x2M | B44: B | C44: =+B25 -> Ballbreakers | D44: =+B27 -> Beach control | E44: 2 | F44: 46186 | G44: =G42+'General settings'!C$4/1440 -> 0.55069444 | H44: =+C46 -> Europol 2x2 men
A45: 2x2M | B45: A | C45: =+A24 -> Too hot for indoor | D45: =+A27 -> Valletta's Tritons | E45: 1 | F45: 46186 | G45: =G43+'General settings'!C$4/1440 -> 0.56666667 | H45: =+A26 -> EFSA 2
A46: 2x2M | B46: B | C46: =+B24 -> Europol 2x2 men | D46: =+B27 -> Beach control | E46: 2 | F46: 46186 | G46: =G44+'General settings'!C$4/1440 -> 0.56666667 | H46: =+C48 -> Ballbreakers
A47: 2x2M | B47: A | C47: =+A25 -> Chill-out | D47: =+A26 -> EFSA 2 | E47: 1 | F47: 46186 | G47: =G45+'General settings'!C$4/1440 -> 0.58263889 | H47: =+A27 -> Valletta's Tritons
A48: 2x2M | B48: B | C48: =+B25 -> Ballbreakers | D48: =+B26 -> JRC 3 | E48: 2 | F48: 46186 | G48: =G46+'General settings'!C$4/1440 -> 0.58263889 | H48: =+D36 -> Beach control
A53: Group winner 1st best ranked team
C54: First finalist
A56: Group winner 4th best ranked team
E57: Winner
A60: Goup winner 2nd best ranked team
C61: Second finalist
A63: Group winner 3rd best ranked team
A65: SEMIFINALS | C65: FINALS

Sheet 2x2F
A2: Category: | B2: 2x2 WOMEN
B4: TEAM | C4: PLAYERS | E4: AGENCY
B5: ITAegean | C5: Evgenia Kalogeropoulou | D5: Anna Sofia Messeri | E5: FRONTEX
B6: MURO ! | C6: Natalia Alberska | D6: Anna Jaroszuk | E6: FRONTEX
B7: FedAle | C7: Aleksandra Wajda | D7: Federica Ferrari | E7: FRONTEX
B8: Nanook | C8: Conti Lucia | D8: Klayn Aglika | E8: EUROJUST
B9: EFSA 7 | C9: Kralova Irena | D9: Pecoraro Simona | E9: EFSA
B10: Blue Lagoon Spritz | C10: Claudia | D10: Tania | E10: EUAA
B11: Pastizzi Patrol | C11: Daniela | D11: Raquel | E11: EUAA
B12: Barrakka Gardeners | C12: Filothei | D12: Maria | E12: EUAA
B13: EUROPOL F | C13: Stanciu Anca | D13: Rausch Laura | E13: EUROPOL
B14: Disaqueens | C14: Boba | D14: Federica R. | E14: JRC
B15: JRC 12 | C15: Elisa B. | D15: Ilaria | E15: JRC
A17: =COUNTA(B5:B15) -> 11
A19: Groups
A20: A | B20: B | C20: C
A21: =+B5 -> ITAegean | B21: =+B6 -> MURO ! | C21: =+B7 -> FedAle
A22: =+B8 -> Nanook | B22: =+B9 -> EFSA 7 | C22: =+B10 -> Blue Lagoon Spritz
A23: =+B11 -> Pastizzi Patrol | B23: =+B12 -> Barrakka Gardeners | C23: =+B13 -> EUROPOL F
A24: =+B14 -> Disaqueens | B24: =+B15 -> JRC 12
D26: Calendar | H26: Referee | I26: Score
A27: Torneo | B27: Group | C27: Team1 | D27: Team 2 | E27: Court | F27: Date | G27: Time
A28: 2x2F | B28: C | C28: =+C21 -> FedAle | D28: =+C22 -> Blue Lagoon Spritz | E28: 3 | F28: 46186 | G28: =MAX('4x4 MIX'!G$29:G$45)+'General settings'!C$4/1440 -> 0.45486111 | H28: =+D33 -> EUROPOL F
A29: 2x2F | B29: B | C29: =+B21 -> MURO ! | D29: =+B22 -> EFSA 7 | E29: 4 | F29: 46186 | G29: =MAX('4x4 MIX'!G$29:G$45)+'General settings'!C$4/1440 -> 0.45486111 | H29: =+C32 -> Barrakka Gardeners
A30: 2x2F | B30: A | C30: =+A21 -> ITAegean | D30: =+A22 -> Nanook | E30: 3 | F30: 46186 | G30: =G28+'General settings'!C$4/1440 -> 0.47083333 | H30: =+C31 -> Pastizzi Patrol
A31: 2x2F | B31: A | C31: =+A23 -> Pastizzi Patrol | D31: =+A24 -> Disaqueens | E31: 4 | F31: 46186 | G31: =G29+'General settings'!C$4/1440 -> 0.47083333 | H31: =+C34 -> ITAegean
A32: 2x2F | B32: B | C32: =+B23 -> Barrakka Gardeners | D32: =+B24 -> JRC 12 | E32: 3 | F32: 46186 | G32: =G30+'General settings'!C$4/1440 -> 0.48680556 | H32: =+C35 -> MURO !
A33: 2x2F | B33: C | C33: =+C21 -> FedAle | D33: =+C23 -> EUROPOL F | E33: 4 | F33: 46186 | G33: =G31+'General settings'!C$4/1440 -> 0.48680556 | H33: =+C37 -> Blue Lagoon Spritz
A34: 2x2F | B34: A | C34: =+A21 -> ITAegean | D34: =+A23 -> Pastizzi Patrol | E34: 3 | F34: 46186 | G34: =G32+'General settings'!C$4/1440 -> 0.50277778 | H34: =+C36 -> Nanook
A35: 2x2F | B35: B | C35: =+B21 -> MURO ! | D35: =+B23 -> Barrakka Gardeners | E35: 4 | F35: 46186 | G35: =G33+'General settings'!C$4/1440 -> 0.50277778 | H35: =+C38 -> EFSA 7
A36: 2x2F | B36: A | C36: =+A22 -> Nanook | D36: =+A24 -> Disaqueens | E36: 3 | F36: 46186 | G36: =G34+'General settings'!C$4/1440 -> 0.51875 | H36: =+C39 -> ITAegean
A37: 2x2F | B37: C | C37: =+C22 -> Blue Lagoon Spritz | D37: =+C23 -> EUROPOL F | E37: 4 | F37: 46186 | G37: =G35+'General settings'!C$4/1440 -> 0.51875 | H37: =+C28 -> FedAle
A38: 2x2F | B38: B | C38: =+B22 -> EFSA 7 | D38: =+B23 -> Barrakka Gardeners | E38: 3 | F38: 46186 | G38: =G36+'General settings'!C$4/1440 -> 0.53472222 | H38: =+D40 -> JRC 12
A39: 2x2F | B39: A | C39: =+A21 -> ITAegean | D39: =+A24 -> Disaqueens | E39: 4 | F39: 46186 | G39: =G37+'General settings'!C$4/1440 -> 0.53472222 | H39: =+C41 -> Nanook
A40: 2x2F | B40: B | C40: =+B21 -> MURO ! | D40: =+B24 -> JRC 12 | E40: 3 | F40: 46186 | G40: =G38+'General settings'!C$4/1440 -> 0.55069444 | H40: =+C42 -> EFSA 7
A41: 2x2F | B41: A | C41: =+A22 -> Nanook | D41: =+A23 -> Pastizzi Patrol | E41: 4 | F41: 46186 | G41: =G39+'General settings'!C$4/1440 -> 0.55069444 | H41: =+D39 -> Disaqueens
A42: 2x2F | B42: B | C42: =+B22 -> EFSA 7 | D42: =+B24 -> JRC 12 | E42: 3 | F42: 46186 | G42: =G40+'General settings'!C$4/1440 -> 0.56666667 | H42: =+C29 -> MURO !
A46: Group winner 1st best ranked team
C47: First finalist
A49: Best second of the groups
E50: Winner
A53: Goup winner 2nd best ranked team
C54: Second finalist
A56: Group winner 3rd best ranked team
A58: SEMIFINALS | C58: FINALS

Sheet 2x2 MIX
A1: Category: | B1: 2x2 MIX
B3: TEAM | C3: PLAYERS | E3: AGENCY
B4: EUIPO 3 | C4: CSENKE JUDIT | D4: BILLERAULT AURELIEN | E4: EUIPO
B5: EUIPO 4 | C5: Federica Foti | D5: CORRADO ALESSANDRO | E5: EUIPO
B6: Copacabana | C6: Michal Narojek | D6: Monika Ciesielska | E6: FRONTEX
B7: Keto | C7: Georgios Dimitropoulos | D7: Evgenia Kalogeropoulou | E7: FRONTEX
B8: Jellybeans | C8: Natalia Alberska | D8: Oliver Bosnar | E8: FRONTEX
B9: Volare oooh | C9: Anna Sofia Messeri | D9: Mariusz Dzierżawski | E9: FRONTEX
B10: ECDC | C10: Ionut Sava | D10: Anna Jaroszuk | E10: ECDC
B11: Paddington | C11: Seixas Joao | D11: Klayn Aglika | E11: EUROJUST
B12: The Lambrusco Paradox | C12: Bonato Stefano | D12: Conti Lucia | E12: EUROJUST
B13: From Tokyo to The Hague | C13: Rausch Laura | D13: Marinelli Andrea | E13: EUROJUST
B14: EFSA 3 | C14: Marchese Emanuela | D14: Marchesini Matteo | E14: EFSA
B15: EFSA 4 | C15: Kralova Irena | D15: Ackerl Reinhard | E15: EFSA
... B28: Ticino e Carbonara | C28: Federica C. | D28: Roberto | E28: JRC
A30: =+COUNTA(B4:B28) -> 25
A32: Groups
A33: A | B33: B | C33: C | D33: D | E33: E | F33: F
A34: =+B4 -> EUIPO 3 | B34: =+B5 -> EUIPO 4 | C34: =+B6 -> Copacabana | D34: =+B7 -> Keto | E34: =+B8 -> Jellybeans | F34: =+B9 -> Volare oooh
A35: =+B11 -> Paddington | B35: =+B12 -> The Lambrusco Paradox | C35: =+B13 -> From Tokyo to The Hague | D35: =+B14 -> EFSA 3 | E35: =+B15 -> EFSA 4 | F35: =+B16 -> EFSA 5
A36: =+B18 -> Ooh la la | B36: =+B19 -> Balkan Beach Ballers | C36: =+B20 -> Mdina Defenders | D36: =+B21 -> Ftira Fellowship | E36: =+B22 -> EUROPOL MIX | F36: =+B23 -> BBB
A37: =+B25 -> Se non spigoli non vale | B37: =+B26 -> JRC Energy dense | C37: =+B27 -> Gianmarcoooo | D37: =+B28 -> Ticino e Carbonara | E37: =+B24 -> Sandstormers | F37: =+B17 -> Sandbox players
A38: =+B10 -> ECDC
C41: Calendar
A42: Torneo | B42: Group | C42: Team1 | D42: Team 2 | E42: Court | F42: Date | G42: Time | H42: Referee | I42: Score
A43: 2x2 Mix | B43: A | C43: =+A34 -> EUIPO 3 | D43: =+A35 -> Paddington | E43: 1 | F43: 46186 | G43: =MAX('2x2M'!G$31:G$48,'2x2F'!G$28:G$42)+'General settings'!C$4/1440 -> 0.59861111 | H43: =+C49 -> Ooh la la
A44: 2x2 Mix | B44: B | C44: =+B34 -> EUIPO 4 | D44: =+B35 -> The Lambrusco Paradox | E44: 2 | F44: 46186 | G44: =MAX('2x2M'!G$31:G$48,'2x2F'!G$28:G$42)+'General settings'!C$4/1440 -> 0.59861111 | H44: =+C50 -> Balkan Beach Ballers
A45: 2x2 Mix | B45: C | C45: =+C34 -> Copacabana | D45: =+C35 -> From Tokyo to The Hague | E45: 3 | F45: 46186 | G45: =MAX('2x2M'!G$31:G$48,'2x2F'!G$28:G$42)+2*'General settings'!C$4/1440 -> 0.61458333 | H45: =+C51 -> Mdina Defenders
A46: 2x2 Mix | B46: D | C46: =+D34 -> Keto | D46: =+D35 -> EFSA 3 | E46: 4 | F46: 46186 | G46: =MAX('2x2M'!G$31:G$48,'2x2F'!G$28:G$42)+2*'General settings'!C$4/1440 -> 0.61458333 | H46: =+C52 -> Ftira Fellowship
A47: 2x2 Mix | B47: E | C47: =+E34 -> Jellybeans | D47: =+E35 -> EFSA 4 | E47: 1 | F47: 46186 | G47: =G43+'General settings'!C$4/1440 -> 0.61458333 | H47: =+C53 -> EUROPOL MIX
A48: 2x2 Mix | B48: F | C48: =+F34 -> Volare oooh | D48: =+F35 -> EFSA 5 | E48: 2 | F48: 46186 | G48: =G44+'General settings'!C$4/1440 -> 0.61458333 | H48: =+C54 -> BBB
A49: 2x2 Mix | B49: A | C49: =+A36 -> Ooh la la | D49: =+A37 -> Se non spigoli non vale | E49: 3 | F49: 46186 | G49: =G45+'General settings'!C$4/1440 -> 0.63055556 | H49: =+D55 -> ECDC
A50: 2x2 Mix | B50: B | C50: =+B36 -> Balkan Beach Ballers | D50: =+B37 -> JRC Energy dense | E50: 4 | F50: 46186 | G50: =G46+'General settings'!C$4/1440 -> 0.63055556 | H50: =+C56 -> EUIPO 4
A51: 2x2 Mix | B51: C | C51: =+C36 -> Mdina Defenders | D51: =+C37 -> Gianmarcoooo | E51: 1 | F51: 46186 | G51: =G47+'General settings'!C$4/1440 -> 0.63055556 | H51: =+C57 -> Copacabana
A52: 2x2 Mix | B52: D | C52: =+D36 -> Ftira Fellowship | D52: =+D37 -> Ticino e Carbonara | E52: 2 | F52: 46186 | G52: =G48+'General settings'!C$4/1440 -> 0.63055556 | H52: =+C58 -> Keto
A53: 2x2 Mix | B53: E | C53: =+E36 -> EUROPOL MIX | D53: =+E37 -> Sandstormers | E53: 3 | F53: 46186 | G53: =G49+'General settings'!C$4/1440 -> 0.64652778 | H53: =+C59 -> Jellybeans
A54: 2x2 Mix | B54: F | C54: =+F36 -> BBB | D54: =+F37 -> Sandbox players | E54: 4 | F54: 46186 | G54: =G50+'General settings'!C$4/1440 -> 0.64652778 | H54: =+C60 -> Volare oooh
A55: 2x2 Mix | B55: A | C55: =+A34 -> EUIPO 3 | D55: =+A38 -> ECDC | E55: 1 | F55: 46186 | G55: =G51+'General settings'!C$4/1440 -> 0.64652778 | H55: =+C61 -> Paddington
A56: 2x2 Mix | B56: B | C56: =+B34 -> EUIPO 4 | D56: =+B36 -> Balkan Beach Ballers | E56: 2 | F56: 46186 | G56: =G52+'General settings'!C$4/1440 -> 0.64652778 | H56: =+C62 -> The Lambrusco Paradox
A57: 2x2 Mix | B57: C | C57: =+C34 -> Copacabana | D57: =+C36 -> Mdina Defenders | E57: 3 | F57: 46186 | G57: =G53+'General settings'!C$4/1440 -> 0.6625 | H57: =+C63 -> From Tokyo to The Hague
A58: 2x2 Mix | B58: D | C58: =+D34 -> Keto | D58: =+D36 -> Ftira Fellowship | E58: 4 | F58: 46186 | G58: =G54+'General settings'!C$4/1440 -> 0.6625 | H58: =+C64 -> EFSA 3
A59: 2x2 Mix | B59: E | C59: =+E34 -> Jellybeans | D59: =+E36 -> EUROPOL MIX | E59: 1 | F59: 46186 | G59: =G55+'General settings'!C$4/1440 -> 0.6625 | H59: =+C65 -> EFSA 4
A60: 2x2 Mix | B60: F | C60: =+F34 -> Volare oooh | D60: =+F36 -> BBB | E60: 2 | F60: 46186 | G60: =G56+'General settings'!C$4/1440 -> 0.6625 | H60: =+C66 -> EFSA 5
A61: 2x2 Mix | B61: A | C61: =+A35 -> Paddington | D61: =+A36 -> Ooh la la | E61: 3 | F61: 46186 | G61: =G57+'General settings'!C$4/1440 -> 0.67847222 | H61: =+C67 -> Se non spigoli non vale
A62: 2x2 Mix | B62: B | C62: =+B35 -> The Lambrusco Paradox | D62: =+B37 -> JRC Energy dense | E62: 4 | F62: 46186 | G62: =G58+'General settings'!C$4/1440 -> 0.67847222 | H62: =+D68 -> Balkan Beach Ballers
A63: 2x2 Mix | B63: C | C63: =+C35 -> From Tokyo to The Hague | D63: =+C37 -> Gianmarcoooo | E63: 1 | F63: 46186 | G63: =G59+'General settings'!C$4/1440 -> 0.67847222 | H63: =+D69 -> Mdina Defenders
A64: 2x2 Mix | B64: D | C64: =+D35 -> EFSA 3 | D64: =+D37 -> Ticino e Carbonara | E64: 2 | F64: 46186 | G64: =G60+'General settings'!C$4/1440 -> 0.67847222 | H64: =+D70 -> Ftira Fellowship
A65: 2x2 Mix | B65: E | C65: =+E35 -> EFSA 4 | D65: =+E37 -> Sandstormers | E65: 3 | F65: 46186 | G65: =G61+'General settings'!C$4/1440 -> 0.69444444 | H65: =+D71 -> EUROPOL MIX
A66: 2x2 Mix | B66: F | C66: =+F35 -> EFSA 5 | D66: =+F37 -> Sandbox players | E66: 4 | F66: 46186 | G66: =G62+'General settings'!C$4/1440 -> 0.69444444 | H66: =+D72 -> BBB
A67: 2x2 Mix | B67: A | C67: =+A37 -> Se non spigoli non vale | D67: =+A38 -> ECDC | E67: 1 | F67: 46186 | G67: =G63+'General settings'!C$4/1440 -> 0.69444444 | H67: =+C73 -> EUIPO 3
A68: 2x2 Mix | B68: B | C68: =+B35 -> The Lambrusco Paradox | D68: =+B36 -> Balkan Beach Ballers | E68: 2 | F68: 46186 | G68: =G64+'General settings'!C$4/1440 -> 0.69444444 | H68: =+D74 -> JRC Energy dense
A69: 2x2 Mix | B69: C | C69: =+C35 -> From Tokyo to The Hague | D69: =+C36 -> Mdina Defenders | E69: 3 | F69: 46186 | G69: =G65+'General settings'!C$4/1440 -> 0.71041667 | H69: =+D75 -> Gianmarcoooo
A70: 2x2 Mix | B70: D | C70: =+D35 -> EFSA 3 | D70: =+D36 -> Ftira Fellowship | E70: 4 | F70: 46186 | G70: =G66+'General settings'!C$4/1440 -> 0.71041667 | H70: =+D76 -> Ticino e Carbonara
A71: 2x2 Mix | B71: E | C71: =+E35 -> EFSA 4 | D71: =+E36 -> EUROPOL MIX | E71: 1 | F71: 46186 | G71: =G67+'General settings'!C$4/1440 -> 0.71041667 | H71: =+D77 -> Sandstormers
A72: 2x2 Mix | B72: F | C72: =+F35 -> EFSA 5 | D72: =+F36 -> BBB | E72: 2 | F72: 46186 | G72: =G68+'General settings'!C$4/1440 -> 0.71041667 | H72: =+D78 -> Sandbox players
A73: 2x2 Mix | B73: A | C73: =+A34 -> EUIPO 3 | D73: =+A36 -> Ooh la la | E73: 1 | F73: 46186 | G73: =G71+'General settings'!C$4/1440 -> 0.72638889 | H73: =+C79 -> Paddington
A74: 2x2 Mix | B74: B | C74: =+B34 -> EUIPO 4 | D74: =+B37 -> JRC Energy dense | E74: 2 | F74: 46186 | G74: =G72+'General settings'!C$4/1440 -> 0.72638889 | H74: =+D44 -> The Lambrusco Paradox
A75: 2x2 Mix | B75: C | C75: =+C34 -> Copacabana | D75: =+C37 -> Gianmarcoooo | E75: 1 | F75: 46186 | G75: =G73+'General settings'!C$4/1440 -> 0.74236111 | H75: =+D45 -> From Tokyo to The Hague
A76: 2x2 Mix | B76: D | C76: =+D34 -> Keto | D76: =+D37 -> Ticino e Carbonara | E76: 2 | F76: 46186 | G76: =G74+'General settings'!C$4/1440 -> 0.74236111 | H76: =+D46 -> EFSA 3
A77: 2x2 Mix | B77: E | C77: =+E34 -> Jellybeans | D77: =+E37 -> Sandstormers | E77: 1 | F77: 46186 | G77: =G75+'General settings'!C$4/1440 -> 0.75833333 | H77: =+D47 -> EFSA 4
A78: 2x2 Mix | B78: F | C78: =+F34 -> Volare oooh | D78: =+F37 -> Sandbox players | E78: 2 | F78: 46186 | G78: =G76+'General settings'!C$4/1440 -> 0.75833333 | H78: =+D48 -> EFSA 5
A79: 2x2 Mix | B79: A | C79: =+A35 -> Paddington | D79: =+A37 -> Se non spigoli non vale | E79: 1 | F79: 46186 | G79: =G77+'General settings'!C$4/1440 -> 0.77430556 | H79: =+C80 -> Ooh la la
A80: 2x2 Mix | B80: A | C80: =+A36 -> Ooh la la | D80: =+A38 -> ECDC | E80: 2 | F80: 46186 | G80: =G78+'General settings'!C$4/1440 -> 0.77430556 | H80: =+C81 -> Se non spigoli non vale
A81: 2x2 Mix | B81: A | C81: =+A37 -> Se non spigoli non vale | D81: =+A34 -> EUIPO 3 | E81: 1 | F81: 46186 | G81: =G79+'General settings'!C$4/1440 -> 0.79027778 | H81: =+D82 -> ECDC
A82: 2x2 Mix | B82: A | C82: =+A35 -> Paddington | D82: =+A38 -> ECDC | E82: 2 | F82: 46186 | G82: =G80+'General settings'!C$4/1440 -> 0.79027778 | H82: =+D81 -> EUIPO 3
A83: 2x2 Mix | B83: Playoffs | C83: =+A90 -> Group winner 6th best ranked team | D83: =+A92 -> Group winner 3rd best ranked team | E83: 1 | F83: 46186 | G83: =G81+'General settings'!C$4/1440 -> 0.80625
A84: 2x2 Mix | B84: Playoffs | C84: =+A94 -> Group winner 4th best ranked team | D84: =+A96 -> Group winner 5th best ranked team | E84: 2 | F84: 46186 | G84: =G82+'General settings'!C$4/1440 -> 0.80625
C88: Group winner 2nd best ranked team
E89: First finalist
A90: Group winner 6th best ranked team
C91: Winner of the first playoff
A92: Group winner 3rd best ranked team | G92: Winner
A94: Group winner 4th best ranked team
C95: Winner of the second playoff
A96: Group winner 5th best ranked team | E96: Second finalist
C98: Group winner 1st best ranked team
C100: SEMIFINALS | E100: FINALS

Sheet Global
J3: Team 1 players | P3: Team 2 players
A4: Torneo | B4: Group | C4: Team1 | D4: Team 2 | E4: Court | F4: Date | G4: Time | H4: team 1 agency | I4: team 2 agency | J4: Giocatore 1 | K4: Giocatore 2 | L4: Giocatore 3 | M4: Giocatore 4 | N4: Giocatore 5 | O4: Giocatore 6 | P4: Giocatore 7 | Q4: Giocatore 8 | R4: Giocatore 9 | S4: Giocatore 10 | T4: Giocatore 11 | U4: Giocatore 12
A5: =+'4x4 MIX'!A29 -> 4x4Mix | B5: =+'4x4 MIX'!B29 -> C | C5: =+'4x4 MIX'!C29 -> Aperol | D5: =+'4x4 MIX'!D29 -> EUAA Comets | E5: =+'4x4 MIX'!E29 -> 3 | F5: =+'4x4 MIX'!F29 -> 46186 | G5: =+'4x4 MIX'!G29 -> 0.375 | H5: =VLOOKUP(C5,'4x4 MIX'!$B$4:$J$18,9,) -> FRONTEX | I5: =VLOOKUP(D5,'4x4 MIX'!$B$4:$J$18,9,) -> EUAA | J5: =VLOOKUP(C5,'4x4 MIX'!$B$4:$I$18,2,) -> Monika Ciesielska | K5: =VLOOKUP(C5,'4x4 MIX'!$B$4:$I$18,3,) -> Evgenia Kalogeropoulou | L5: =VLOOKUP(C5,'4x4 MIX'!$B$4:$I$18,4,) -> Filipe Paisana | M5: =VLOOKUP(C5,'4x4 MIX'!$B$4:$I$18,5,) -> Jakub Banka | N5: =VLOOKUP($C5,'4x4 MIX'!$B$4:$I$18,6,) -> Claudiu Chirias | O5: =VLOOKUP($C5,'4x4 MIX'!$B$4:$I$18,7,) -> Georgios Dimitropoulos | P5: =VLOOKUP($D5,'4x4 MIX'!$B$4:$I$18,2,) -> Tania | Q5: =VLOOKUP($D5,'4x4 MIX'!$B$4:$I$18,3,) -> Claudia | R5: =VLOOKUP($D5,'4x4 MIX'!$B$4:$I$18,4,) -> Vasileios | S5: =VLOOKUP($D5,'4x4 MIX'!$B$4:$I$18,5,) -> Daniela | T5: =VLOOKUP($D5,'4x4 MIX'!$B$4:$I$18,6,) -> Maria
A6: =+'4x4 MIX'!A30 -> 4x4Mix | B6: =+'4x4 MIX'!B30 -> B | C6: =+'4x4 MIX'!C30 -> Dandy Dandelions | D6: =+'4x4 MIX'!D30 -> House of Medici | E6: =+'4x4 MIX'!E30 -> 4 | F6: =+'4x4 MIX'!F30 -> 46186 | G6: =+'4x4 MIX'!G30 -> 0.375 | H6: =VLOOKUP(C6,'4x4 MIX'!$B$4:$J$18,9,) -> FRONTEX | I6: =VLOOKUP(D6,'4x4 MIX'!$B$4:$J$18,9,) -> EMA | J6: =VLOOKUP(C6,'4x4 MIX'!$B$4:$I$18,2,) -> Anna Sofia Messeri | K6: =VLOOKUP(C6,'4x4 MIX'!$B$4:$I$18,3,) -> Natalia Alberska | L6: =VLOOKUP(C6,'4x4 MIX'!$B$4:$I$18,4,) -> Radovan Kyselica | M6: =VLOOKUP(C6,'4x4 MIX'!$B$4:$I$18,5,) -> Oliver Bosnar | N6: =VLOOKUP($C6,'4x4 MIX'!$B$4:$I$18,6,) -> Mateusz Rudzik | P6: =VLOOKUP($D6,'4x4 MIX'!$B$4:$I$18,2,) -> Mihaela Pereteatcu | Q6: =VLOOKUP($D6,'4x4 MIX'!$B$4:$I$18,3,) -> Valentina Cordo | R6: =VLOOKUP($D6,'4x4 MIX'!$B$4:$I$18,4,) -> Thibaut Sauces | S6: =VLOOKUP($D6,'4x4 MIX'!$B$4:$I$18,5,) -> Frank Pétavy | T6: =VLOOKUP($D6,'4x4 MIX'!$B$4:$I$18,6,) -> Evangelos Kotzagiorgis | U6: =VLOOKUP($D6,'4x4 MIX'!$B$4:$I$18,7,) -> Caroline Pothet
A7: =+'4x4 MIX'!A31 -> 4x4Mix | B7: =+'4x4 MIX'!B31 -> A | C7: =+'4x4 MIX'!C31 -> EUIPO 5 | D7: =+'4x4 MIX'!D31 -> EFSA 6 | E7: =+'4x4 MIX'!E31 -> 1 | F7: =+'4x4 MIX'!F31 -> 46186 | G7: =+'4x4 MIX'!G31 -> 0.375 | H7: =VLOOKUP(C7,'4x4 MIX'!$B$4:$J$18,9,) -> EUIPO | I7: =VLOOKUP(D7,'4x4 MIX'!$B$4:$J$18,9,) -> EFSA | J7: =VLOOKUP(C7,'4x4 MIX'!$B$4:$I$18,2,) -> CSENKE JUDIT | K7: =VLOOKUP(C7,'4x4 MIX'!$B$4:$I$18,3,) -> BILLERAULT AURELIEN | L7: =VLOOKUP(C7,'4x4 MIX'!$B$4:$I$18,4,) -> CORRADO ALESSANDRO | M7: =VLOOKUP(C7,'4x4 MIX'!$B$4:$I$18,5,) -> GURRIERI ROSARIO | N7: =VLOOKUP($C7,'4x4 MIX'!$B$4:$I$18,6,) -> ROMERO JULIAN | O7: =VLOOKUP($C7,'4x4 MIX'!$B$4:$I$18,7,) -> Federica Foti | P7: =VLOOKUP($D7,'4x4 MIX'!$B$4:$I$18,2,) -> Kralova Irena | Q7: =VLOOKUP($D7,'4x4 MIX'!$B$4:$I$18,3,) -> Pecoraro Simona | R7: =VLOOKUP($D7,'4x4 MIX'!$B$4:$I$18,4,) -> Marchese Emanuela | S7: =VLOOKUP($D7,'4x4 MIX'!$B$4:$I$18,5,) -> Marchesini Matteo | T7: =VLOOKUP($D7,'4x4 MIX'!$B$4:$I$18,6,) -> Ackerl Reinhard | U7: =VLOOKUP($D7,'4x4 MIX'!$B$4:$I$18,7,) -> Ferri Alessandro
A8: =+'4x4 MIX'!A32 -> 4x4Mix | B8: =+'4x4 MIX'!B32 -> D | C8: =+'4x4 MIX'!C32 -> Ferwanek | D8: =+'4x4 MIX'!D32 -> Mela Blinders | E8: =+'4x4 MIX'!E32 -> 2 | F8: =+'4x4 MIX'!F32 -> 46186 | G8: =+'4x4 MIX'!G32 -> 0.375 | H8: =VLOOKUP(C8,'4x4 MIX'!$B$4:$J$18,9,) -> FRONTEX | I8: =VLOOKUP(D8,'4x4 MIX'!$B$4:$J$18,9,) -> EUAA | J8: =VLOOKUP(C8,'4x4 MIX'!$B$4:$I$18,2,) -> Aleksandra Wajda | K8: =VLOOKUP(C8,'4x4 MIX'!$B$4:$I$18,3,) -> Federica Ferrari | L8: =VLOOKUP(C8,'4x4 MIX'!$B$4:$I$18,4,) -> Damian Krzak | M8: =VLOOKUP(C8,'4x4 MIX'!$B$4:$I$18,5,) -> Dariusz Neuhoff von der Ley | N8: =VLOOKUP($C8,'4x4 MIX'!$B$4:$I$18,6,) -> Jori Tyni | P8: =VLOOKUP($D8,'4x4 MIX'!$B$4:$I$18,2,) -> Filothei | Q8: =VLOOKUP($D8,'4x4 MIX'!$B$4:$I$18,3,) -> Anna Isabel | R8: =VLOOKUP($D8,'4x4 MIX'!$B$4:$I$18,4,) -> Raquel | S8: =VLOOKUP($D8,'4x4 MIX'!$B$4:$I$18,5,) -> Wade | T8: =VLOOKUP($D8,'4x4 MIX'!$B$4:$I$18,6,) -> Valeria
A9: =+'4x4 MIX'!A33 -> 4x4Mix | B9: =+'4x4 MIX'!B33 -> E | C9: =+'4x4 MIX'!C33 -> Sometimes maybe good | D9: =+'4x4 MIX'!D33 -> EUROPOL 4 MIX | E9: =+'4x4 MIX'!E33 -> 3 | F9: =+'4x4 MIX'!F33 -> 46186 | G9: =+'4x4 MIX'!G33 -> 0.39097222 | H9: =VLOOKUP(C9,'4x4 MIX'!$B$4:$J$18,9,) -> EUROJUST | I9: =VLOOKUP(D9,'4x4 MIX'!$B$4:$J$18,9,) -> EUROPOL | J9: =VLOOKUP(C9,'4x4 MIX'!$B$4:$I$18,2,) -> Seixas Joao | K9: =VLOOKUP(C9,'4x4 MIX'!$B$4:$I$18,3,) -> Conti Lucia | L9: =VLOOKUP(C9,'4x4 MIX'!$B$4:$I$18,4,) -> Klayn Aglika | M9: =VLOOKUP(C9,'4x4 MIX'!$B$4:$I$18,5,) -> Bonato Stefano | N9: =VLOOKUP($C9,'4x4 MIX'!$B$4:$I$18,6,) -> Rausch Laura | P9: =VLOOKUP($D9,'4x4 MIX'!$B$4:$I$18,2,) -> Stanciu Anca | Q9: =VLOOKUP($D9,'4x4 MIX'!$B$4:$I$18,3,) -> Serra Jose Manuel de Jesus | R9: =VLOOKUP($D9,'4x4 MIX'!$B$4:$I$18,4,) -> Ciprian Istudor | S9: =VLOOKUP($D9,'4x4 MIX'!$B$4:$I$18,5,) -> Federica C.
A10: =+'4x4 MIX'!A34 -> 4x4Mix | B10: =+'4x4 MIX'!B34 -> C | C10: =+'4x4 MIX'!C34 -> EUAA Comets | D10: =+'4x4 MIX'!D34 -> Che fastidio | E10: =+'4x4 MIX'!E34 -> 4 | F10: =+'4x4 MIX'!F34 -> 46186 | G10: =+'4x4 MIX'!G34 -> 0.39097222 | H10: =VLOOKUP(C10,'4x4 MIX'!$B$4:$J$18,9,) -> EUAA | I10: =VLOOKUP(D10,'4x4 MIX'!$B$4:$J$18,9,) -> JRC | J10: =VLOOKUP(C10,'4x4 MIX'!$B$4:$I$18,2,) -> Tania | K10: =VLOOKUP(C10,'4x4 MIX'!$B$4:$I$18,3,) -> Claudia | L10: =VLOOKUP(C10,'4x4 MIX'!$B$4:$I$18,4,) -> Vasileios | M10: =VLOOKUP(C10,'4x4 MIX'!$B$4:$I$18,5,) -> Daniela | N10: =VLOOKUP($C10,'4x4 MIX'!$B$4:$I$18,6,) -> Maria | P10: =VLOOKUP($D10,'4x4 MIX'!$B$4:$I$18,2,) -> Michela | Q10: =VLOOKUP($D10,'4x4 MIX'!$B$4:$I$18,3,) -> Silvio | R10: =VLOOKUP($D10,'4x4 MIX'!$B$4:$I$18,4,) -> Flavio | S10: =VLOOKUP($D10,'4x4 MIX'!$B$4:$I$18,5,) -> Elisa B.
A11: =+'4x4 MIX'!A35 -> 4x4Mix | B11: =+'4x4 MIX'!B35 -> B | C11: =+'4x4 MIX'!C35 -> House of Medici | D11: =+'4x4 MIX'!D35 -> REALL | E11: =+'4x4 MIX'!E35 -> 1 | F11: =+'4x4 MIX'!F35 -> 46186 | G11: =+'4x4 MIX'!G35 -> 0.39097222 | H11: =VLOOKUP(C11,'4x4 MIX'!$B$4:$J$18,9,) -> EMA | I11: =VLOOKUP(D11,'4x4 MIX'!$B$4:$J$18,9,) -> REA | J11: =VLOOKUP(C11,'4x4 MIX'!$B$4:$I$18,2,) -> Mihaela Pereteatcu | K11: =VLOOKUP(C11,'4x4 MIX'!$B$4:$I$18,3,) -> Valentina Cordo | L11: =VLOOKUP(C11,'4x4 MIX'!$B$4:$I$18,4,) -> Thibaut Sauces | M11: =VLOOKUP(C11,'4x4 MIX'!$B$4:$I$18,5,) -> Frank Pétavy | N11: =VLOOKUP($C11,'4x4 MIX'!$B$4:$I$18,6,) -> Evangelos Kotzagiorgis | O11: =VLOOKUP($C11,'4x4 MIX'!$B$4:$I$18,7,) -> Caroline Pothet | P11: =VLOOKUP($D11,'4x4 MIX'!$B$4:$I$18,2,) -> Scioni Barbara | Q11: =VLOOKUP($D11,'4x4 MIX'!$B$4:$I$18,3,) -> Medarova Keti | R11: =VLOOKUP($D11,'4x4 MIX'!$B$4:$I$18,4,) -> Paunovic Ogren | S11: =VLOOKUP($D11,'4x4 MIX'!$B$4:$I$18,5,) -> Amedja Ecki
A12: =+'4x4 MIX'!A36 -> 4x4Mix | B12: =+'4x4 MIX'!B36 -> A | C12: =+'4x4 MIX'!C36 -> EFSA 6 | D12: =+'4x4 MIX'!D36 -> Horizon setters | E12: =+'4x4 MIX'!E36 -> 2 | F12: =+'4x4 MIX'!F36 -> 46186 | G12: =+'4x4 MIX'!G36 -> 0.39097222 | H12: =VLOOKUP(C12,'4x4 MIX'!$B$4:$J$18,9,) -> EFSA | I12: =VLOOKUP(D12,'4x4 MIX'!$B$4:$J$18,9,) -> REA | J12: =VLOOKUP(C12,'4x4 MIX'!$B$4:$I$18,2,) -> Kralova Irena | K12: =VLOOKUP(C12,'4x4 MIX'!$B$4:$I$18,3,) -> Pecoraro Simona | L12: =VLOOKUP(C12,'4x4 MIX'!$B$4:$I$18,4,) -> Marchese Emanuela | M12: =VLOOKUP(C12,'4x4 MIX'!$B$4:$I$18,5,) -> Marchesini Matteo | N12: =VLOOKUP($C12,'4x4 MIX'!$B$4:$I$18,6,) -> Ackerl Reinhard | O12: =VLOOKUP($C12,'4x4 MIX'!$B$4:$I$18,7,) -> Ferri Alessandro | P12: =VLOOKUP($D12,'4x4 MIX'!$B$4:$I$18,2,) -> Piiroja Ivi | Q12: =VLOOKUP($D12,'4x4 MIX'!$B$4:$I$18,3,) -> ANTONELLI Margherita | R12: =VLOOKUP($D12,'4x4 MIX'!$B$4:$I$18,4,) -> Deniz Javier | S12: =VLOOKUP($D12,'4x4 MIX'!$B$4:$I$18,5,) -> Napolitano Andrea
A13: =+'4x4 MIX'!A37 -> 4x4Mix | B13: =+'4x4 MIX'!B37 -> D | C13: =+'4x4 MIX'!C37 -> Mela Blinders | D13: =+'4x4 MIX'!D37 -> Sand by me | E13: =+'4x4 MIX'!E37 -> 3 | F13: =+'4x4 MIX'!F37 -> 46186 | G13: =+'4x4 MIX'!G37 -> 0.40694444 | H13: =VLOOKUP(C13,'4x4 MIX'!$B$4:$J$18,9,) -> EUAA | I13: =VLOOKUP(D13,'4x4 MIX'!$B$4:$J$18,9,) -> JRC | J13: =VLOOKUP(C13,'4x4 MIX'!$B$4:$I$18,2,) -> Filothei | K13: =VLOOKUP(C13,'4x4 MIX'!$B$4:$I$18,3,) -> Anna Isabel | L13: =VLOOKUP(C13,'4x4 MIX'!$B$4:$I$18,4,) -> Raquel | M13: =VLOOKUP(C13,'4x4 MIX'!$B$4:$I$18,5,) -> Wade | N13: =VLOOKUP($C13,'4x4 MIX'!$B$4:$I$18,6,) -> Valeria | P13: =VLOOKUP($D13,'4x4 MIX'!$B$4:$I$18,2,) -> Daniele | Q13: =VLOOKUP($D13,'4x4 MIX'!$B$4:$I$18,3,) -> Fabio | R13: =VLOOKUP($D13,'4x4 MIX'!$B$4:$I$18,4,) -> Roberto | S13: =VLOOKUP($D13,'4x4 MIX'!$B$4:$I$18,5,) -> Federica R. | T13: =VLOOKUP($D13,'4x4 MIX'!$B$4:$I$18,6,) -> Ilaria
A14: =+'4x4 MIX'!A38 -> 4x4Mix | B14: =+'4x4 MIX'!B38 -> E | C14: =+'4x4 MIX'!C38 -> EUROPOL 4 MIX | D14: =+'4x4 MIX'!D38 -> Upsand Down | E14: =+'4x4 MIX'!E38 -> 4 | F14: =+'4x4 MIX'!F38 -> 46186 | G14: =+'4x4 MIX'!G38 -> 0.40694444 | H14: =VLOOKUP(C14,'4x4 MIX'!$B$4:$J$18,9,) -> EUROPOL | I14: =VLOOKUP(D14,'4x4 MIX'!$B$4:$J$18,9,) -> JRC | J14: =VLOOKUP(C14,'4x4 MIX'!$B$4:$I$18,2,) -> Stanciu Anca | K14: =VLOOKUP(C14,'4x4 MIX'!$B$4:$I$18,3,) -> Serra Jose Manuel de Jesus | L14: =VLOOKUP(C14,'4x4 MIX'!$B$4:$I$18,4,) -> Ciprian Istudor | M14: =VLOOKUP(C14,'4x4 MIX'!$B$4:$I$18,5,) -> Federica C. | P14: =VLOOKUP($D14,'4x4 MIX'!$B$4:$I$18,2,) -> Tom | Q14: =VLOOKUP($D14,'4x4 MIX'!$B$4:$I$18,3,) -> Mauro Gabbarini | R14: =VLOOKUP($D14,'4x4 MIX'!$B$4:$I$18,4,) -> Federica Ferretti | S14: =VLOOKUP($D14,'4x4 MIX'!$B$4:$I$18,5,) -> Diana
A15: =+'4x4 MIX'!A39 -> 4x4Mix | B15: =+'4x4 MIX'!B39 -> C | C15: =+'4x4 MIX'!C39 -> Aperol | D15: =+'4x4 MIX'!D39 -> Che fastidio | E15: =+'4x4 MIX'!E39 -> 1 | F15: =+'4x4 MIX'!F39 -> 46186 | G15: =+'4x4 MIX'!G39 -> 0.40694444 | H15: =VLOOKUP(C15,'4x4 MIX'!$B$4:$J$18,9,) -> FRONTEX | I15: =VLOOKUP(D15,'4x4 MIX'!$B$4:$J$18,9,) -> JRC | J15: =VLOOKUP(C15,'4x4 MIX'!$B$4:$I$18,2,) -> Monika Ciesielska | K15: =VLOOKUP(C15,'4x4 MIX'!$B$4:$I$18,3,) -> Evgenia Kalogeropoulou | L15: =VLOOKUP(C15,'4x4 MIX'!$B$4:$I$18,4,) -> Filipe Paisana | M15: =VLOOKUP(C15,'4x4 MIX'!$B$4:$I$18,5,) -> Jakub Banka | N15: =VLOOKUP($C15,'4x4 MIX'!$B$4:$I$18,6,) -> Claudiu Chirias | O15: =VLOOKUP($C15,'4x4 MIX'!$B$4:$I$18,7,) -> Georgios Dimitropoulos | P15: =VLOOKUP($D15,'4x4 MIX'!$B$4:$I$18,2,) -> Michela | Q15: =VLOOKUP($D15,'4x4 MIX'!$B$4:$I$18,3,) -> Silvio | R15: =VLOOKUP($D15,'4x4 MIX'!$B$4:$I$18,4,) -> Flavio | S15: =VLOOKUP($D15,'4x4 MIX'!$B$4:$I$18,5,) -> Elisa B.
A16: =+'4x4 MIX'!A40 -> 4x4Mix | B16: =+'4x4 MIX'!B40 -> B | C16: =+'4x4 MIX'!C40 -> Dandy Dandelions | D16: =+'4x4 MIX'!D40 -> REALL | E16: =+'4x4 MIX'!E40 -> 2 | F16: =+'4x4 MIX'!F40 -> 46186 | G16: =+'4x4 MIX'!G40 -> 0.40694444 | H16: =VLOOKUP(C16,'4x4 MIX'!$B$4:$J$18,9,) -> FRONTEX | I16: =VLOOKUP(D16,'4x4 MIX'!$B$4:$J$18,9,) -> REA | J16: =VLOOKUP(C16,'4x4 MIX'!$B$4:$I$18,2,) -> Anna Sofia Messeri | K16: =VLOOKUP(C16,'4x4 MIX'!$B$4:$I$18,3,) -> Natalia Alberska | L16: =VLOOKUP(C16,'4x4 MIX'!$B$4:$I$18,4,) -> Radovan Kyselica | M16: =VLOOKUP(C16,'4x4 MIX'!$B$4:$I$18,5,) -> Oliver Bosnar | N16: =VLOOKUP($C16,'4x4 MIX'!$B$4:$I$18,6,) -> Mateusz Rudzik | P16: =VLOOKUP($D16,'4x4 MIX'!$B$4:$I$18,2,) -> Scioni Barbara | Q16: =VLOOKUP($D16,'4x4 MIX'!$B$4:$I$18,3,) -> Medarova Keti | R16: =VLOOKUP($D16,'4x4 MIX'!$B$4:$I$18,4,) -> Paunovic Ogren | S16: =VLOOKUP($D16,'4x4 MIX'!$B$4:$I$18,5,) -> Amedja Ecki
A17: =+'4x4 MIX'!A41 -> 4x4Mix | B17: =+'4x4 MIX'!B41 -> A | C17: =+'4x4 MIX'!C41 -> EUIPO 5 | D17: =+'4x4 MIX'!D41 -> Horizon setters | E17: =+'4x4 MIX'!E41 -> 3 | F17: =+'4x4 MIX'!F41 -> 46186 | G17: =+'4x4 MIX'!G41 -> 0.42291667 | H17: =VLOOKUP(C17,'4x4 MIX'!$B$4:$J$18,9,) -> EUIPO | I17: =VLOOKUP(D17,'4x4 MIX'!$B$4:$J$18,9,) -> REA | J17: =VLOOKUP(C17,'4x4 MIX'!$B$4:$I$18,2,) -> CSENKE JUDIT | K17: =VLOOKUP(C17,'4x4 MIX'!$B$4:$I$18,3,) -> BILLERAULT AURELIEN | L17: =VLOOKUP(C17,'4x4 MIX'!$B$4:$I$18,4,) -> CORRADO ALESSANDRO | M17: =VLOOKUP(C17,'4x4 MIX'!$B$4:$I$18,5,) -> GURRIERI ROSARIO | N17: =VLOOKUP($C17,'4x4 MIX'!$B$4:$I$18,6,) -> ROMERO JULIAN | O17: =VLOOKUP($C17,'4x4 MIX'!$B$4:$I$18,7,) -> Federica Foti | P17: =VLOOKUP($D17,'4x4 MIX'!$B$4:$I$18,2,) -> Piiroja Ivi | Q17: =VLOOKUP($D17,'4x4 MIX'!$B$4:$I$18,3,) -> ANTONELLI Margherita | R17: =VLOOKUP($D17,'4x4 MIX'!$B$4:$I$18,4,) -> Deniz Javier | S17: =VLOOKUP($D17,'4x4 MIX'!$B$4:$I$18,5,) -> Napolitano Andrea
A18: =+'4x4 MIX'!A42 -> 4x4Mix | B18: =+'4x4 MIX'!B42 -> D | C18: =+'4x4 MIX'!C42 -> Ferwanek | D18: =+'4x4 MIX'!D42 -> Sand by me | E18: =+'4x4 MIX'!E42 -> 4 | F18: =+'4x4 MIX'!F42 -> 46186 | G18: =+'4x4 MIX'!G42 -> 0.42291667 | H18: =VLOOKUP(C18,'4x4 MIX'!$B$4:$J$18,9,) -> FRONTEX | I18: =VLOOKUP(D18,'4x4 MIX'!$B$4:$J$18,9,) -> JRC | J18: =VLOOKUP(C18,'4x4 MIX'!$B$4:$I$18,2,) -> Aleksandra Wajda | K18: =VLOOKUP(C18,'4x4 MIX'!$B$4:$I$18,3,) -> Federica Ferrari | L18: =VLOOKUP(C18,'4x4 MIX'!$B$4:$I$18,4,) -> Damian Krzak | M18: =VLOOKUP(C18,'4x4 MIX'!$B$4:$I$18,5,) -> Dariusz Neuhoff von der Ley | N18: =VLOOKUP($C18,'4x4 MIX'!$B$4:$I$18,6,) -> Jori Tyni | P18: =VLOOKUP($D18,'4x4 MIX'!$B$4:$I$18,2,) -> Daniele | Q18: =VLOOKUP($D18,'4x4 MIX'!$B$4:$I$18,3,) -> Fabio | R18: =VLOOKUP($D18,'4x4 MIX'!$B$4:$I$18,4,) -> Roberto | S18: =VLOOKUP($D18,'4x4 MIX'!$B$4:$I$18,5,) -> Federica R. | T18: =VLOOKUP($D18,'4x4 MIX'!$B$4:$I$18,6,) -> Ilaria
A19: =+'4x4 MIX'!A43 -> 4x4Mix | B19: =+'4x4 MIX'!B43 -> E | C19: =+'4x4 MIX'!C43 -> Sometimes maybe good | D19: =+'4x4 MIX'!D43 -> Upsand Down | E19: =+'4x4 MIX'!E43 -> 1 | F19: =+'4x4 MIX'!F43 -> 46186 | G19: =+'4x4 MIX'!G43 -> 0.42291667 | H19: =VLOOKUP(C19,'4x4 MIX'!$B$4:$J$18,9,) -> EUROJUST | I19: =VLOOKUP(D19,'4x4 MIX'!$B$4:$J$18,9,) -> JRC | J19: =VLOOKUP(C19,'4x4 MIX'!$B$4:$I$18,2,) -> Seixas Joao | K19: =VLOOKUP(C19,'4x4 MIX'!$B$4:$I$18,3,) -> Conti Lucia | L19: =VLOOKUP(C19,'4x4 MIX'!$B$4:$I$18,4,) -> Klayn Aglika | M19: =VLOOKUP(C19,'4x4 MIX'!$B$4:$I$18,5,) -> Bonato Stefano | N19: =VLOOKUP($C19,'4x4 MIX'!$B$4:$I$18,6,) -> Rausch Laura | P19: =VLOOKUP($D19,'4x4 MIX'!$B$4:$I$18,2,) -> Tom | Q19: =VLOOKUP($D19,'4x4 MIX'!$B$4:$I$18,3,) -> Mauro Gabbarini | R19: =VLOOKUP($D19,'4x4 MIX'!$B$4:$I$18,4,) -> Federica Ferretti | S19: =VLOOKUP($D19,'4x4 MIX'!$B$4:$I$18,5,) -> Diana
A20: =+'4x4 MIX'!A44 -> 4x4Mix | B20: =+'4x4 MIX'!B44 -> Playoffs | C20: =+'4x4 MIX'!C44 -> Group winner 5th best ranked team | D20: =+'4x4 MIX'!D44 -> Group winner 4th best ranked team | E20: =+'4x4 MIX'!E44 -> 1 | F20: =+'4x4 MIX'!F44 -> 46186 | G20: =+'4x4 MIX'!G44 -> 0.43888889
A21: =+'4x4 MIX'!A45 -> 4x4Mix | B21: =+'4x4 MIX'!B45 -> Playoffs | C21: =+'4x4 MIX'!C45 -> Group winner 3rd best ranked team | D21: =+'4x4 MIX'!D45 -> Best second of the groups | E21: =+'4x4 MIX'!E45 -> 2 | F21: =+'4x4 MIX'!F45 -> 46186 | G21: =+'4x4 MIX'!G45 -> 0.43888889
A22: =+'2x2M'!A31 -> 2x2M | B22: =+'2x2M'!B31 -> A | C22: =+'2x2M'!C31 -> Too hot for indoor | D22: =+'2x2M'!D31 -> Chill-out | E22: =+'2x2M'!E31 -> 1 | F22: =+'2x2M'!F31 -> 46186 | G22: =+'2x2M'!G31 -> 0.45486111 | H22: =VLOOKUP(C22,'2x2M'!$B$5:$E$18,4,) -> JRC | I22: =VLOOKUP(D22,'2x2M'!$B$5:$E$18,4,) -> FRONTEX | J22: =VLOOKUP(C22,'2x2M'!B$5:D$18,2,) -> Daniele | K22: =VLOOKUP(C22,'2x2M'!$B$5:$D$18,3,) -> Carlo | L22: =VLOOKUP(D22,'2x2M'!$B$5:$D$18,2,) -> Mateusz Rudzik | M22: =VLOOKUP(D22,'2x2M'!$B$5:$D$18,3,) -> Mariusz Dzierżawski
A23: =+'2x2M'!A32 -> 2x2M | B23: =+'2x2M'!B32 -> B | C23: =+'2x2M'!C32 -> Europol 2x2 men | D23: =+'2x2M'!D32 -> Ballbreakers | E23: =+'2x2M'!E32 -> 2 | F23: =+'2x2M'!F32 -> 46186 | G23: =+'2x2M'!G32 -> 0.45486111 | H23: =VLOOKUP(C23,'2x2M'!$B$5:$E$18,4,) -> EUROPOL | I23: =VLOOKUP(D23,'2x2M'!$B$5:$E$18,4,) -> FRONTEX | J23: =VLOOKUP(C23,'2x2M'!B$5:D$18,2,) -> Ciprian Istudor | K23: =VLOOKUP(C23,'2x2M'!$B$5:$D$18,3,) -> Ionut Sava | L23: =VLOOKUP(D23,'2x2M'!$B$5:$D$18,2,) -> Oliver Bosnar | M23: =VLOOKUP(D23,'2x2M'!$B$5:$D$18,3,) -> Michal Narojek
A24: =+'2x2M'!A33 -> 2x2M | B24: =+'2x2M'!B33 -> C | C24: =+'2x2M'!C33 -> Bacalhau&porchetta | D24: =+'2x2M'!D33 -> DP's | E24: =+'2x2M'!E33 -> 1 | F24: =+'2x2M'!F33 -> 46186 | G24: =+'2x2M'!G33 -> 0.47083333 | H24: =VLOOKUP(C24,'2x2M'!$B$5:$E$18,4,) -> EUROJUST | I24: =VLOOKUP(D24,'2x2M'!$B$5:$E$18,4,) -> FRONTEX | J24: =VLOOKUP(C24,'2x2M'!B$5:D$18,2,) -> Seixas Joao | K24: =VLOOKUP(C24,'2x2M'!$B$5:$D$18,3,) -> Bonato Stefano | L24: =VLOOKUP(D24,'2x2M'!$B$5:$D$18,2,) -> Filipe Paisana | M24: =VLOOKUP(D24,'2x2M'!$B$5:$D$18,3,) -> Georgios Dimitropoulos
A25: =+'2x2M'!A34 -> 2x2M | B25: =+'2x2M'!B34 -> D | C25: =+'2x2M'!C34 -> EFSA 1 | D25: =+'2x2M'!D34 -> Que farà Farà | E25: =+'2x2M'!E34 -> 2 | F25: =+'2x2M'!F34 -> 46186 | G25: =+'2x2M'!G34 -> 0.47083333 | H25: =VLOOKUP(C25,'2x2M'!$B$5:$E$18,4,) -> EFSA | I25: =VLOOKUP(D25,'2x2M'!$B$5:$E$18,4,) -> JRC | J25: =VLOOKUP(C25,'2x2M'!B$5:D$18,2,) -> Marchesini Matteo | K25: =VLOOKUP(C25,'2x2M'!$B$5:$D$18,3,) -> Ackerl Reinhard | L25: =VLOOKUP(D25,'2x2M'!$B$5:$D$18,2,) -> Fabio | M25: =VLOOKUP(D25,'2x2M'!$B$5:$D$18,3,) -> Roberto
A26: =+'2x2M'!A35 -> 2x2M | B26: =+'2x2M'!B35 -> A | C26: =+'2x2M'!C35 -> Too hot for indoor | D26: =+'2x2M'!D35 -> EFSA 2 | E26: =+'2x2M'!E35 -> 1 | F26: =+'2x2M'!F35 -> 46186 | G26: =+'2x2M'!G35 -> 0.48680556 | H26: =VLOOKUP(C26,'2x2M'!$B$5:$E$18,4,) -> JRC | I26: =VLOOKUP(D26,'2x2M'!$B$5:$E$18,4,) -> EFSA | J26: =VLOOKUP(C26,'2x2M'!B$5:D$18,2,) -> Daniele | K26: =VLOOKUP(C26,'2x2M'!$B$5:$D$18,3,) -> Carlo | L26: =VLOOKUP(D26,'2x2M'!$B$5:$D$18,2,) -> Ferri Alessandro | M26: =VLOOKUP(D26,'2x2M'!$B$5:$D$18,3,) -> Marinelli Andrea
A27: =+'2x2M'!A36 -> 2x2M | B27: =+'2x2M'!B36 -> B | C27: =+'2x2M'!C36 -> JRC 3 | D27: =+'2x2M'!D36 -> Beach control | E27: =+'2x2M'!E36 -> 2 | F27: =+'2x2M'!F36 -> 46186 | G27: =+'2x2M'!G36 -> 0.48680556 | H27: =VLOOKUP(C27,'2x2M'!$B$5:$E$18,4,) -> JRC | I27: =VLOOKUP(D27,'2x2M'!$B$5:$E$18,4,) -> EMA | J27: =VLOOKUP(C27,'2x2M'!B$5:D$18,2,) -> Mauro Gabbarini | K27: =VLOOKUP(C27,'2x2M'!$B$5:$D$18,3,) -> Tom | L27: =VLOOKUP(D27,'2x2M'!$B$5:$D$18,2,) -> Evangelos Kotzagiorgis | M27: =VLOOKUP(D27,'2x2M'!$B$5:$D$18,3,) -> Alex Gentimis
A28: =+'2x2M'!A37 -> 2x2M | B28: =+'2x2M'!B37 -> C | C28: =+'2x2M'!C37 -> DP's | D28: =+'2x2M'!D37 -> I transalpini | E28: =+'2x2M'!E37 -> 1 | F28: =+'2x2M'!F37 -> 46186 | G28: =+'2x2M'!G37 -> 0.50277778 | H28: =VLOOKUP(C28,'2x2M'!$B$5:$E$18,4,) -> FRONTEX | I28: =VLOOKUP(D28,'2x2M'!$B$5:$E$18,4,) -> EMA | J28: =VLOOKUP(C28,'2x2M'!B$5:D$18,2,) -> Filipe Paisana | K28: =VLOOKUP(C28,'2x2M'!$B$5:$D$18,3,) -> Georgios Dimitropoulos | L28: =VLOOKUP(D28,'2x2M'!$B$5:$D$18,2,) -> Frank Pétavy | M28: =VLOOKUP(D28,'2x2M'!$B$5:$D$18,3,) -> Thibaut Sauces
A29: =+'2x2M'!A38 -> 2x2M | B29: =+'2x2M'!B38 -> D | C29: =+'2x2M'!C38 -> Que farà Farà | D29: =+'2x2M'!D38 -> Dunaj & Wisla | E29: =+'2x2M'!E38 -> 2 | F29: =+'2x2M'!F38 -> 46186 | G29: =+'2x2M'!G38 -> 0.50277778 | H29: =VLOOKUP(C29,'2x2M'!$B$5:$E$18,4,) -> JRC | I29: =VLOOKUP(D29,'2x2M'!$B$5:$E$18,4,) -> FRONTEX | J29: =VLOOKUP(C29,'2x2M'!B$5:D$18,2,) -> Fabio | K29: =VLOOKUP(C29,'2x2M'!$B$5:$D$18,3,) -> Roberto | L29: =VLOOKUP(D29,'2x2M'!$B$5:$D$18,2,) -> Radovan Kyselica | M29: =VLOOKUP(D29,'2x2M'!$B$5:$D$18,3,) -> Dariusz Neuhoff von der Ley
A30: =+'2x2M'!A39 -> 2x2M | B30: =+'2x2M'!B39 -> A | C30: =+'2x2M'!C39 -> EFSA 2 | D30: =+'2x2M'!D39 -> Valletta's Tritons | E30: =+'2x2M'!E39 -> 1 | F30: =+'2x2M'!F39 -> 46186 | G30: =+'2x2M'!G39 -> 0.51875 | H30: =VLOOKUP(C30,'2x2M'!$B$5:$E$18,4,) -> EFSA | I30: =VLOOKUP(D30,'2x2M'!$B$5:$E$18,4,) -> EUAA | J30: =VLOOKUP(C30,'2x2M'!B$5:D$18,2,) -> Ferri Alessandro | K30: =VLOOKUP(C30,'2x2M'!$B$5:$D$18,3,) -> Marinelli Andrea | L30: =VLOOKUP(D30,'2x2M'!$B$5:$D$18,2,) -> Vasileios | M30: =VLOOKUP(D30,'2x2M'!$B$5:$D$18,3,) -> Wade
A31: =+'2x2M'!A40 -> 2x2M | B31: =+'2x2M'!B40 -> B | C31: =+'2x2M'!C40 -> Europol 2x2 men | D31: =+'2x2M'!D40 -> JRC 3 | E31: =+'2x2M'!E40 -> 2 | F31: =+'2x2M'!F40 -> 46186 | G31: =+'2x2M'!G40 -> 0.51875 | H31: =VLOOKUP(C31,'2x2M'!$B$5:$E$18,4,) -> EUROPOL | I31: =VLOOKUP(D31,'2x2M'!$B$5:$E$18,4,) -> JRC | J31: =VLOOKUP(C31,'2x2M'!B$5:D$18,2,) -> Ciprian Istudor | K31: =VLOOKUP(C31,'2x2M'!$B$5:$D$18,3,) -> Ionut Sava | L31: =VLOOKUP(D31,'2x2M'!$B$5:$D$18,2,) -> Mauro Gabbarini | M31: =VLOOKUP(D31,'2x2M'!$B$5:$D$18,3,) -> Tom
A32: =+'2x2M'!A41 -> 2x2M | B32: =+'2x2M'!B41 -> C | C32: =+'2x2M'!C41 -> Bacalhau&porchetta | D32: =+'2x2M'!D41 -> I transalpini | E32: =+'2x2M'!E41 -> 1 | F32: =+'2x2M'!F41 -> 46186 | G32: =+'2x2M'!G41 -> 0.53472222 | H32: =VLOOKUP(C32,'2x2M'!$B$5:$E$18,4,) -> EUROJUST | I32: =VLOOKUP(D32,'2x2M'!$B$5:$E$18,4,) -> EMA | J32: =VLOOKUP(C32,'2x2M'!B$5:D$18,2,) -> Seixas Joao | K32: =VLOOKUP(C32,'2x2M'!$B$5:$D$18,3,) -> Bonato Stefano | L32: =VLOOKUP(D32,'2x2M'!$B$5:$D$18,2,) -> Frank Pétavy | M32: =VLOOKUP(D32,'2x2M'!$B$5:$D$18,3,) -> Thibaut Sauces
A33: =+'2x2M'!A42 -> 2x2M | B33: =+'2x2M'!B42 -> D | C33: =+'2x2M'!C42 -> EFSA 1 | D33: =+'2x2M'!D42 -> Dunaj & Wisla | E33: =+'2x2M'!E42 -> 2 | F33: =+'2x2M'!F42 -> 46186 | G33: =+'2x2M'!G42 -> 0.53472222 | H33: =VLOOKUP(C33,'2x2M'!$B$5:$E$18,4,) -> EFSA | I33: =VLOOKUP(D33,'2x2M'!$B$5:$E$18,4,) -> FRONTEX | J33: =VLOOKUP(C33,'2x2M'!B$5:D$18,2,) -> Marchesini Matteo | K33: =VLOOKUP(C33,'2x2M'!$B$5:$D$18,3,) -> Ackerl Reinhard | L33: =VLOOKUP(D33,'2x2M'!$B$5:$D$18,2,) -> Radovan Kyselica | M33: =VLOOKUP(D33,'2x2M'!$B$5:$D$18,3,) -> Dariusz Neuhoff von der Ley
... A39: =+'2x2M'!A48 -> 2x2M | B39: =+'2x2M'!B48 -> B | C39: =+'2x2M'!C48 -> Ballbreakers | D39: =+'2x2M'!D48 -> JRC 3 | E39: =+'2x2M'!E48 -> 2 | F39: =+'2x2M'!F48 -> 46186 | G39: =+'2x2M'!G48 -> 0.58263889 | H39: =VLOOKUP(C39,'2x2M'!$B$5:$E$18,4,) -> FRONTEX | I39: =VLOOKUP(D39,'2x2M'!$B$5:$E$18,4,) -> JRC | J39: =VLOOKUP(C39,'2x2M'!B$5:D$18,2,) -> Oliver Bosnar | K39: =VLOOKUP(C39,'2x2M'!$B$5:$D$18,3,) -> Michal Narojek | L39: =VLOOKUP(D39,'2x2M'!$B$5:$D$18,2,) -> Mauro Gabbarini | M39: =VLOOKUP(D39,'2x2M'!$B$5:$D$18,3,) -> Tom
A40: =+'2x2F'!A28 -> 2x2F | B40: =+'2x2F'!B28 -> C | C40: =+'2x2F'!C28 -> FedAle | D40: =+'2x2F'!D28 -> Blue Lagoon Spritz | E40: =+'2x2F'!E28 -> 3 | F40: =+'2x2F'!F28 -> 46186 | G40: =+'2x2F'!G28 -> 0.45486111 | H40: =VLOOKUP(C40,'2x2F'!$B$5:$E$15,4,) -> FRONTEX | I40: =VLOOKUP(D40,'2x2F'!$B$5:$E$15,4,) -> EUAA | J40: =VLOOKUP(C40,'2x2F'!$B$5:$D$15,2,) -> Aleksandra Wajda | K40: =VLOOKUP(C40,'2x2F'!$B$5:$D$15,3,) -> Federica Ferrari | L40: =VLOOKUP(D40,'2x2F'!$B$5:$D$15,2,) -> Claudia | M40: =VLOOKUP(D40,'2x2F'!$B$5:$D$15,3,) -> Tania
A41: =+'2x2F'!A29 -> 2x2F | B41: =+'2x2F'!B29 -> B | C41: =+'2x2F'!C29 -> MURO ! | D41: =+'2x2F'!D29 -> EFSA 7 | E41: =+'2x2F'!E29 -> 4 | F41: =+'2x2F'!F29 -> 46186 | G41: =+'2x2F'!G29 -> 0.45486111 | H41: =VLOOKUP(C41,'2x2F'!$B$5:$E$15,4,) -> FRONTEX | I41: =VLOOKUP(D41,'2x2F'!$B$5:$E$15,4,) -> EFSA | J41: =VLOOKUP(C41,'2x2F'!$B$5:$D$15,2,) -> Natalia Alberska | K41: =VLOOKUP(C41,'2x2F'!$B$5:$D$15,3,) -> Anna Jaroszuk | L41: =VLOOKUP(D41,'2x2F'!$B$5:$D$15,2,) -> Kralova Irena | M41: =VLOOKUP(D41,'2x2F'!$B$5:$D$15,3,) -> Pecoraro Simona
A42: =+'2x2F'!A30 -> 2x2F | B42: =+'2x2F'!B30 -> A | C42: =+'2x2F'!C30 -> ITAegean | D42: =+'2x2F'!D30 -> Nanook | E42: =+'2x2F'!E30 -> 3 | F42: =+'2x2F'!F30 -> 46186 | G42: =+'2x2F'!G30 -> 0.47083333 | H42: =VLOOKUP(C42,'2x2F'!$B$5:$E$15,4,) -> FRONTEX | I42: =VLOOKUP(D42,'2x2F'!$B$5:$E$15,4,) -> EUROJUST | J42: =VLOOKUP(C42,'2x2F'!$B$5:$D$15,2,) -> Evgenia Kalogeropoulou | K42: =VLOOKUP(C42,'2x2F'!$B$5:$D$15,3,) -> Anna Sofia Messeri | L42: =VLOOKUP(D42,'2x2F'!$B$5:$D$15,2,) -> Conti Lucia | M42: =VLOOKUP(D42,'2x2F'!$B$5:$D$15,3,) -> Klayn Aglika
A43: =+'2x2F'!A31 -> 2x2F | B43: =+'2x2F'!B31 -> A | C43: =+'2x2F'!C31 -> Pastizzi Patrol | D43: =+'2x2F'!D31 -> Disaqueens | E43: =+'2x2F'!E31 -> 4 | F43: =+'2x2F'!F31 -> 46186 | G43: =+'2x2F'!G31 -> 0.47083333 | H43: =VLOOKUP(C43,'2x2F'!$B$5:$E$15,4,) -> EUAA | I43: =VLOOKUP(D43,'2x2F'!$B$5:$E$15,4,) -> JRC | J43: =VLOOKUP(C43,'2x2F'!$B$5:$D$15,2,) -> Daniela | K43: =VLOOKUP(C43,'2x2F'!$B$5:$D$15,3,) -> Raquel | L43: =VLOOKUP(D43,'2x2F'!$B$5:$D$15,2,) -> Boba | M43: =VLOOKUP(D43,'2x2F'!$B$5:$D$15,3,) -> Federica R.
A44: =+'2x2F'!A32 -> 2x2F | B44: =+'2x2F'!B32 -> B | C44: =+'2x2F'!C32 -> Barrakka Gardeners | D44: =+'2x2F'!D32 -> JRC 12 | E44: =+'2x2F'!E32 -> 3 | F44: =+'2x2F'!F32 -> 46186 | G44: =+'2x2F'!G32 -> 0.48680556 | H44: =VLOOKUP(C44,'2x2F'!$B$5:$E$15,4,) -> EUAA | I44: =VLOOKUP(D44,'2x2F'!$B$5:$E$15,4,) -> JRC | J44: =VLOOKUP(C44,'2x2F'!$B$5:$D$15,2,) -> Filothei | K44: =VLOOKUP(C44,'2x2F'!$B$5:$D$15,3,) -> Maria | L44: =VLOOKUP(D44,'2x2F'!$B$5:$D$15,2,) -> Elisa B. | M44: =VLOOKUP(D44,'2x2F'!$B$5:$D$15,3,) -> Ilaria
A45: =+'2x2F'!A33 -> 2x2F | B45: =+'2x2F'!B33 -> C | C45: =+'2x2F'!C33 -> FedAle | D45: =+'2x2F'!D33 -> EUROPOL F | E45: =+'2x2F'!E33 -> 4 | F45: =+'2x2F'!F33 -> 46186 | G45: =+'2x2F'!G33 -> 0.48680556 | H45: =VLOOKUP(C45,'2x2F'!$B$5:$E$15,4,) -> FRONTEX | I45: =VLOOKUP(D45,'2x2F'!$B$5:$E$15,4,) -> EUROPOL | J45: =VLOOKUP(C45,'2x2F'!$B$5:$D$15,2,) -> Aleksandra Wajda | K45: =VLOOKUP(C45,'2x2F'!$B$5:$D$15,3,) -> Federica Ferrari | L45: =VLOOKUP(D45,'2x2F'!$B$5:$D$15,2,) -> Stanciu Anca | M45: =VLOOKUP(D45,'2x2F'!$B$5:$D$15,3,) -> Rausch Laura
A46: =+'2x2F'!A34 -> 2x2F | B46: =+'2x2F'!B34 -> A | C46: =+'2x2F'!C34 -> ITAegean | D46: =+'2x2F'!D34 -> Pastizzi Patrol | E46: =+'2x2F'!E34 -> 3 | F46: =+'2x2F'!F34 -> 46186 | G46: =+'2x2F'!G34 -> 0.50277778 | H46: =VLOOKUP(C46,'2x2F'!$B$5:$E$15,4,) -> FRONTEX | I46: =VLOOKUP(D46,'2x2F'!$B$5:$E$15,4,) -> EUAA | J46: =VLOOKUP(C46,'2x2F'!$B$5:$D$15,2,) -> Evgenia Kalogeropoulou | K46: =VLOOKUP(C46,'2x2F'!$B$5:$D$15,3,) -> Anna Sofia Messeri | L46: =VLOOKUP(D46,'2x2F'!$B$5:$D$15,2,) -> Daniela | M46: =VLOOKUP(D46,'2x2F'!$B$5:$D$15,3,) -> Raquel
A47: =+'2x2F'!A35 -> 2x2F | B47: =+'2x2F'!B35 -> B | C47: =+'2x2F'!C35 -> MURO ! | D47: =+'2x2F'!D35 -> Barrakka Gardeners | E47: =+'2x2F'!E35 -> 4 | F47: =+'2x2F'!F35 -> 46186 | G47: =+'2x2F'!G35 -> 0.50277778 | H47: =VLOOKUP(C47,'2x2F'!$B$5:$E$15,4,) -> FRONTEX | I47: =VLOOKUP(D47,'2x2F'!$B$5:$E$15,4,) -> EUAA | J47: =VLOOKUP(C47,'2x2F'!$B$5:$D$15,2,) -> Natalia Alberska | K47: =VLOOKUP(C47,'2x2F'!$B$5:$D$15,3,) -> Anna Jaroszuk | L47: =VLOOKUP(D47,'2x2F'!$B$5:$D$15,2,) -> Filothei | M47: =VLOOKUP(D47,'2x2F'!$B$5:$D$15,3,) -> Maria
A48: =+'2x2F'!A36 -> 2x2F | B48: =+'2x2F'!B36 -> A | C48: =+'2x2F'!C36 -> Nanook | D48: =+'2x2F'!D36 -> Disaqueens | E48: =+'2x2F'!E36 -> 3 | F48: =+'2x2F'!F36 -> 46186 | G48: =+'2x2F'!G36 -> 0.51875 | H48: =VLOOKUP(C48,'2x2F'!$B$5:$E$15,4,) -> EUROJUST | I48: =VLOOKUP(D48,'2x2F'!$B$5:$E$15,4,) -> JRC | J48: =VLOOKUP(C48,'2x2F'!$B$5:$D$15,2,) -> Conti Lucia | K48: =VLOOKUP(C48,'2x2F'!$B$5:$D$15,3,) -> Klayn Aglika | L48: =VLOOKUP(D48,'2x2F'!$B$5:$D$15,2,) -> Boba | M48: =VLOOKUP(D48,'2x2F'!$B$5:$D$15,3,) -> Federica R.
A49: =+'2x2F'!A37 -> 2x2F | B49: =+'2x2F'!B37 -> C | C49: =+'2x2F'!C37 -> Blue Lagoon Spritz | D49: =+'2x2F'!D37 -> EUROPOL F | E49: =+'2x2F'!E37 -> 4 | F49: =+'2x2F'!F37 -> 46186 | G49: =+'2x2F'!G37 -> 0.51875 | H49: =VLOOKUP(C49,'2x2F'!$B$5:$E$15,4,) -> EUAA | I49: =VLOOKUP(D49,'2x2F'!$B$5:$E$15,4,) -> EUROPOL | J49: =VLOOKUP(C49,'2x2F'!$B$5:$D$15,2,) -> Claudia | K49: =VLOOKUP(C49,'2x2F'!$B$5:$D$15,3,) -> Tania | L49: =VLOOKUP(D49,'2x2F'!$B$5:$D$15,2,) -> Stanciu Anca | M49: =VLOOKUP(D49,'2x2F'!$B$5:$D$15,3,) -> Rausch Laura
A50: =+'2x2F'!A38 -> 2x2F | B50: =+'2x2F'!B38 -> B | C50: =+'2x2F'!C38 -> EFSA 7 | D50: =+'2x2F'!D38 -> Barrakka Gardeners | E50: =+'2x2F'!E38 -> 3 | F50: =+'2x2F'!F38 -> 46186 | G50: =+'2x2F'!G38 -> 0.53472222 | H50: =VLOOKUP(C50,'2x2F'!$B$5:$E$15,4,) -> EFSA | I50: =VLOOKUP(D50,'2x2F'!$B$5:$E$15,4,) -> EUAA | J50: =VLOOKUP(C50,'2x2F'!$B$5:$D$15,2,) -> Kralova Irena | K50: =VLOOKUP(C50,'2x2F'!$B$5:$D$15,3,) -> Pecoraro Simona | L50: =VLOOKUP(D50,'2x2F'!$B$5:$D$15,2,) -> Filothei | M50: =VLOOKUP(D50,'2x2F'!$B$5:$D$15,3,) -> Maria
A51: =+'2x2F'!A39 -> 2x2F | B51: =+'2x2F'!B39 -> A | C51: =+'2x2F'!C39 -> ITAegean | D51: =+'2x2F'!D39 -> Disaqueens | E51: =+'2x2F'!E39 -> 4 | F51: =+'2x2F'!F39 -> 46186 | G51: =+'2x2F'!G39 -> 0.53472222 | H51: =VLOOKUP(C51,'2x2F'!$B$5:$E$15,4,) -> FRONTEX | I51: =VLOOKUP(D51,'2x2F'!$B$5:$E$15,4,) -> JRC | J51: =VLOOKUP(C51,'2x2F'!$B$5:$D$15,2,) -> Evgenia Kalogeropoulou | K51: =VLOOKUP(C51,'2x2F'!$B$5:$D$15,3,) -> Anna Sofia Messeri | L51: =VLOOKUP(D51,'2x2F'!$B$5:$D$15,2,) -> Boba | M51: =VLOOKUP(D51,'2x2F'!$B$5:$D$15,3,) -> Federica R.
... A54: =+'2x2F'!A42 -> 2x2F | B54: =+'2x2F'!B42 -> B | C54: =+'2x2F'!C42 -> EFSA 7 | D54: =+'2x2F'!D42 -> JRC 12 | E54: =+'2x2F'!E42 -> 3 | F54: =+'2x2F'!F42 -> 46186 | G54: =+'2x2F'!G42 -> 0.56666667 | H54: =VLOOKUP(C54,'2x2F'!$B$5:$E$15,4,) -> EFSA | I54: =VLOOKUP(D54,'2x2F'!$B$5:$E$15,4,) -> JRC | J54: =VLOOKUP(C54,'2x2F'!$B$5:$D$15,2,) -> Kralova Irena | K54: =VLOOKUP(C54,'2x2F'!$B$5:$D$15,3,) -> Pecoraro Simona | L54: =VLOOKUP(D54,'2x2F'!$B$5:$D$15,2,) -> Elisa B. | M54: =VLOOKUP(D54,'2x2F'!$B$5:$D$15,3,) -> Ilaria
A55: =+'2x2 MIX'!A43 -> 2x2 Mix | B55: =+'2x2 MIX'!B43 -> A | C55: =+'2x2 MIX'!C43 -> EUIPO 3 | D55: =+'2x2 MIX'!D43 -> Paddington | E55: =+'2x2 MIX'!E43 -> 1 | F55: =+'2x2 MIX'!F43 -> 46186 | G55: =+'2x2 MIX'!G43 -> 0.59861111 | H55: =VLOOKUP(C55,'2x2 MIX'!$B$4:$E$28,4,) -> EUIPO | I55: =VLOOKUP(D55,'2x2 MIX'!$B$4:$E$28,4,) -> EUROJUST | J55: =VLOOKUP(C55,'2x2 MIX'!$B$4:$D$28,2,) -> CSENKE JUDIT | K55: =VLOOKUP(C55,'2x2 MIX'!$B$4:$D$28,3,) -> BILLERAULT AURELIEN | L55: =VLOOKUP(D55,'2x2 MIX'!$B$4:$D$28,2,) -> Seixas Joao | M55: =VLOOKUP(D55,'2x2 MIX'!$B$4:$D$28,3,) -> Klayn Aglika
A56: =+'2x2 MIX'!A44 -> 2x2 Mix | B56: =+'2x2 MIX'!B44 -> B | C56: =+'2x2 MIX'!C44 -> EUIPO 4 | D56: =+'2x2 MIX'!D44 -> The Lambrusco Paradox | E56: =+'2x2 MIX'!E44 -> 2 | F56: =+'2x2 MIX'!F44 -> 46186 | G56: =+'2x2 MIX'!G44 -> 0.59861111 | H56: =VLOOKUP(C56,'2x2 MIX'!$B$4:$E$28,4,) -> EUIPO | I56: =VLOOKUP(D56,'2x2 MIX'!$B$4:$E$28,4,) -> EUROJUST | J56: =VLOOKUP(C56,'2x2 MIX'!$B$4:$D$28,2,) -> Federica Foti | K56: =VLOOKUP(C56,'2x2 MIX'!$B$4:$D$28,3,) -> CORRADO ALESSANDRO | L56: =VLOOKUP(D56,'2x2 MIX'!$B$4:$D$28,2,) -> Bonato Stefano | M56: =VLOOKUP(D56,'2x2 MIX'!$B$4:$D$28,3,) -> Conti Lucia
A57: =+'2x2 MIX'!A45 -> 2x2 Mix | B57: =+'2x2 MIX'!B45 -> C | C57: =+'2x2 MIX'!C45 -> Copacabana | D57: =+'2x2 MIX'!D45 -> From Tokyo to The Hague | E57: =+'2x2 MIX'!E45 -> 3 | F57: =+'2x2 MIX'!F45 -> 46186 | G57: =+'2x2 MIX'!G45 -> 0.61458333 | H57: =VLOOKUP(C57,'2x2 MIX'!$B$4:$E$28,4,) -> FRONTEX | I57: =VLOOKUP(D57,'2x2 MIX'!$B$4:$E$28,4,) -> EUROJUST | J57: =VLOOKUP(C57,'2x2 MIX'!$B$4:$D$28,2,) -> Michal Narojek | K57: =VLOOKUP(C57,'2x2 MIX'!$B$4:$D$28,3,) -> Monika Ciesielska | L57: =VLOOKUP(D57,'2x2 MIX'!$B$4:$D$28,2,) -> Rausch Laura | M57: =VLOOKUP(D57,'2x2 MIX'!$B$4:$D$28,3,) -> Marinelli Andrea
A58: =+'2x2 MIX'!A46 -> 2x2 Mix | B58: =+'2x2 MIX'!B46 -> D | C58: =+'2x2 MIX'!C46 -> Keto | D58: =+'2x2 MIX'!D46 -> EFSA 3 | E58: =+'2x2 MIX'!E46 -> 4 | F58: =+'2x2 MIX'!F46 -> 46186 | G58: =+'2x2 MIX'!G46 -> 0.61458333 | H58: =VLOOKUP(C58,'2x2 MIX'!$B$4:$E$28,4,) -> FRONTEX | I58: =VLOOKUP(D58,'2x2 MIX'!$B$4:$E$28,4,) -> EFSA | J58: =VLOOKUP(C58,'2x2 MIX'!$B$4:$D$28,2,) -> Georgios Dimitropoulos | K58: =VLOOKUP(C58,'2x2 MIX'!$B$4:$D$28,3,) -> Evgenia Kalogeropoulou | L58: =VLOOKUP(D58,'2x2 MIX'!$B$4:$D$28,2,) -> Marchese Emanuela | M58: =VLOOKUP(D58,'2x2 MIX'!$B$4:$D$28,3,) -> Marchesini Matteo
A59: =+'2x2 MIX'!A47 -> 2x2 Mix | B59: =+'2x2 MIX'!B47 -> E | C59: =+'2x2 MIX'!C47 -> Jellybeans | D59: =+'2x2 MIX'!D47 -> EFSA 4 | E59: =+'2x2 MIX'!E47 -> 1 | F59: =+'2x2 MIX'!F47 -> 46186 | G59: =+'2x2 MIX'!G47 -> 0.61458333 | H59: =VLOOKUP(C59,'2x2 MIX'!$B$4:$E$28,4,) -> FRONTEX | I59: =VLOOKUP(D59,'2x2 MIX'!$B$4:$E$28,4,) -> EFSA | J59: =VLOOKUP(C59,'2x2 MIX'!$B$4:$D$28,2,) -> Natalia Alberska | K59: =VLOOKUP(C59,'2x2 MIX'!$B$4:$D$28,3,) -> Oliver Bosnar | L59: =VLOOKUP(D59,'2x2 MIX'!$B$4:$D$28,2,) -> Kralova Irena | M59: =VLOOKUP(D59,'2x2 MIX'!$B$4:$D$28,3,) -> Ackerl Reinhard
A60: =+'2x2 MIX'!A48 -> 2x2 Mix | B60: =+'2x2 MIX'!B48 -> F | C60: =+'2x2 MIX'!C48 -> Volare oooh | D60: =+'2x2 MIX'!D48 -> EFSA 5 | E60: =+'2x2 MIX'!E48 -> 2 | F60: =+'2x2 MIX'!F48 -> 46186 | G60: =+'2x2 MIX'!G48 -> 0.61458333 | H60: =VLOOKUP(C60,'2x2 MIX'!$B$4:$E$28,4,) -> FRONTEX | I60: =VLOOKUP(D60,'2x2 MIX'!$B$4:$E$28,4,) -> EFSA | J60: =VLOOKUP(C60,'2x2 MIX'!$B$4:$D$28,2,) -> Anna Sofia Messeri | K60: =VLOOKUP(C60,'2x2 MIX'!$B$4:$D$28,3,) -> Mariusz Dzierżawski | L60: =VLOOKUP(D60,'2x2 MIX'!$B$4:$D$28,2,) -> Pecoraro Simona | M60: =VLOOKUP(D60,'2x2 MIX'!$B$4:$D$28,3,) -> Ferri Alessandro
A61: =+'2x2 MIX'!A49 -> 2x2 Mix | B61: =+'2x2 MIX'!B49 -> A | C61: =+'2x2 MIX'!C49 -> Ooh la la | D61: =+'2x2 MIX'!D49 -> Se non spigoli non vale | E61: =+'2x2 MIX'!E49 -> 3 | F61: =+'2x2 MIX'!F49 -> 46186 | G61: =+'2x2 MIX'!G49 -> 0.63055556 | H61: =VLOOKUP(C61,'2x2 MIX'!$B$4:$E$28,4,) -> EMA | I61: =VLOOKUP(D61,'2x2 MIX'!$B$4:$E$28,4,) -> JRC | J61: =VLOOKUP(C61,'2x2 MIX'!$B$4:$D$28,2,) -> Caroline Pothet | K61: =VLOOKUP(C61,'2x2 MIX'!$B$4:$D$28,3,) -> Frank Pétavy | L61: =VLOOKUP(D61,'2x2 MIX'!$B$4:$D$28,2,) -> Boba | M61: =VLOOKUP(D61,'2x2 MIX'!$B$4:$D$28,3,) -> Carlo
A62: =+'2x2 MIX'!A50 -> 2x2 Mix | B62: =+'2x2 MIX'!B50 -> B | C62: =+'2x2 MIX'!C50 -> Balkan Beach Ballers | D62: =+'2x2 MIX'!D50 -> JRC Energy dense | E62: =+'2x2 MIX'!E50 -> 4 | F62: =+'2x2 MIX'!F50 -> 46186 | G62: =+'2x2 MIX'!G50 -> 0.63055556 | H62: =VLOOKUP(C62,'2x2 MIX'!$B$4:$E$28,4,) -> EMA | I62: =VLOOKUP(D62,'2x2 MIX'!$B$4:$E$28,4,) -> JRC | J62: =VLOOKUP(C62,'2x2 MIX'!$B$4:$D$28,2,) -> Mihaela Pereteatcu | K62: =VLOOKUP(C62,'2x2 MIX'!$B$4:$D$28,3,) -> Evangelos Kotzagiorgis | L62: =VLOOKUP(D62,'2x2 MIX'!$B$4:$D$28,2,) -> Elisa B. | M62: =VLOOKUP(D62,'2x2 MIX'!$B$4:$D$28,3,) -> Flavio
A63: =+'2x2 MIX'!A51 -> 2x2 Mix | B63: =+'2x2 MIX'!B51 -> C | C63: =+'2x2 MIX'!C51 -> Mdina Defenders | D63: =+'2x2 MIX'!D51 -> Gianmarcoooo | E63: =+'2x2 MIX'!E51 -> 1 | F63: =+'2x2 MIX'!F51 -> 46186 | G63: =+'2x2 MIX'!G51 -> 0.63055556 | H63: =VLOOKUP(C63,'2x2 MIX'!$B$4:$E$28,4,) -> EUAA | I63: =VLOOKUP(D63,'2x2 MIX'!$B$4:$E$28,4,) -> JRC | J63: =VLOOKUP(C63,'2x2 MIX'!$B$4:$D$28,2,) -> Vasileios | K63: =VLOOKUP(C63,'2x2 MIX'!$B$4:$D$28,3,) -> Maria | L63: =VLOOKUP(D63,'2x2 MIX'!$B$4:$D$28,2,) -> Ilaria | M63: =VLOOKUP(D63,'2x2 MIX'!$B$4:$D$28,3,) -> Fabio
A64: =+'2x2 MIX'!A52 -> 2x2 Mix | B64: =+'2x2 MIX'!B52 -> D | C64: =+'2x2 MIX'!C52 -> Ftira Fellowship | D64: =+'2x2 MIX'!D52 -> Ticino e Carbonara | E64: =+'2x2 MIX'!E52 -> 2 | F64: =+'2x2 MIX'!F52 -> 46186 | G64: =+'2x2 MIX'!G52 -> 0.63055556 | H64: =VLOOKUP(C64,'2x2 MIX'!$B$4:$E$28,4,) -> EUAA | I64: =VLOOKUP(D64,'2x2 MIX'!$B$4:$E$28,4,) -> JRC | J64: =VLOOKUP(C64,'2x2 MIX'!$B$4:$D$28,2,) -> Wade | K64: =VLOOKUP(C64,'2x2 MIX'!$B$4:$D$28,3,) -> Claudia | L64: =VLOOKUP(D64,'2x2 MIX'!$B$4:$D$28,2,) -> Federica C. | M64: =VLOOKUP(D64,'2x2 MIX'!$B$4:$D$28,3,) -> Roberto
A65: =+'2x2 MIX'!A53 -> 2x2 Mix | B65: =+'2x2 MIX'!B53 -> E | C65: =+'2x2 MIX'!C53 -> EUROPOL MIX | D65: =+'2x2 MIX'!D53 -> Sandstormers | E65: =+'2x2 MIX'!E53 -> 3 | F65: =+'2x2 MIX'!F53 -> 46186 | G65: =+'2x2 MIX'!G53 -> 0.64652778 | H65: =VLOOKUP(C65,'2x2 MIX'!$B$4:$E$28,4,) -> EUROPOL | I65: =VLOOKUP(D65,'2x2 MIX'!$B$4:$E$28,4,) -> REA | J65: =VLOOKUP(C65,'2x2 MIX'!$B$4:$D$28,2,) -> Stanciu Anca | K65: =VLOOKUP(C65,'2x2 MIX'!$B$4:$D$28,3,) -> Serra Jose Manuel de Jesus | L65: =VLOOKUP(D65,'2x2 MIX'!$B$4:$D$28,2,) -> Piiroja Ivi | M65: =VLOOKUP(D65,'2x2 MIX'!$B$4:$D$28,3,) -> Paunovic Ogren
A66: =+'2x2 MIX'!A54 -> 2x2 Mix | B66: =+'2x2 MIX'!B54 -> F | C66: =+'2x2 MIX'!C54 -> BBB | D66: =+'2x2 MIX'!D54 -> Sandbox players | E66: =+'2x2 MIX'!E54 -> 4 | F66: =+'2x2 MIX'!F54 -> 46186 | G66: =+'2x2 MIX'!G54 -> 0.64652778 | H66: =VLOOKUP(C66,'2x2 MIX'!$B$4:$E$28,4,) -> REA | I66: =VLOOKUP(D66,'2x2 MIX'!$B$4:$E$28,4,) -> EMA | J66: =VLOOKUP(C66,'2x2 MIX'!$B$4:$D$28,2,) -> Scioni Barbara | K66: =VLOOKUP(C66,'2x2 MIX'!$B$4:$D$28,3,) -> Napolitano Andrea | L66: =VLOOKUP(D66,'2x2 MIX'!$B$4:$D$28,2,) -> Valentina Cordo | M66: =VLOOKUP(D66,'2x2 MIX'!$B$4:$D$28,3,) -> Thibaut Sauces
... A94: =+'2x2 MIX'!A82 -> 2x2 Mix | B94: =+'2x2 MIX'!B82 -> A | C94: =+'2x2 MIX'!C82 -> Paddington | D94: =+'2x2 MIX'!D82 -> ECDC | E94: =+'2x2 MIX'!E82 -> 2 | F94: =+'2x2 MIX'!F82 -> 46186 | G94: =+'2x2 MIX'!G82 -> 0.79027778 | H94: =VLOOKUP(C94,'2x2 MIX'!$B$4:$E$28,4,) -> EUROJUST | I94: =VLOOKUP(D94,'2x2 MIX'!$B$4:$E$28,4,) -> ECDC | J94: =VLOOKUP(C94,'2x2 MIX'!$B$4:$D$28,2,) -> Seixas Joao | K94: =VLOOKUP(C94,'2x2 MIX'!$B$4:$D$28,3,) -> Klayn Aglika | L94: =VLOOKUP(D94,'2x2 MIX'!$B$4:$D$28,2,) -> Ionut Sava | M94: =VLOOKUP(D94,'2x2 MIX'!$B$4:$D$28,3,) -> Anna Jaroszuk
A95: =+'2x2 MIX'!A83 -> 2x2 Mix | B95: =+'2x2 MIX'!B83 -> Playoffs | C95: =+'2x2 MIX'!C83 -> Group winner 6th best ranked team | D95: =+'2x2 MIX'!D83 -> Group winner 3rd best ranked team | E95: =+'2x2 MIX'!E83 -> 1 | F95: =+'2x2 MIX'!F83 -> 46186 | G95: =+'2x2 MIX'!G83 -> 0.80625
A96: =+'2x2 MIX'!A84 -> 2x2 Mix | B96: =+'2x2 MIX'!B84 -> Playoffs | C96: =+'2x2 MIX'!C84 -> Group winner 4th best ranked team | D96: =+'2x2 MIX'!D84 -> Group winner 5th best ranked team | E96: =+'2x2 MIX'!E84 -> 2 | F96: =+'2x2 MIX'!F84 -> 46186 | G96: =+'2x2 MIX'!G84 -> 0.80625
A101: {=_xlfn._xlws.FILTER(A2:U96,(H1:H96=$G$1)+(I5:I96=$G$1))} -> #VALUE!

Sheet Agency calendar
A2: Agency | C2: REA
C4: Tournament | D4: Group | E4: Team 1 | F4: Team 2 | G4: Court | H4: Date | I4: Time | P4: {=_xlfn._xlws.SORT(_xlfn.UNIQUE(_xlfn.TOCOL(Global!H5:I96,1,1)))} -> ECDC
C5: {=_xlfn._xlws.FILTER(Global!A5:G96,(Global!H5:H96=C2)+(Global!I5:I96=C2))} -> 4x4Mix | D5: B | E5: House of Medici | F5: REALL | G5: 1 | H5: 46186 | I5: 0.39097222 | P5: EFSA
C6: 4x4Mix | D6: A | E6: EFSA 6 | F6: Horizon setters | G6: 2 | H6: 46186 | I6: 0.39097222 | P6: EMA
C7: 4x4Mix | D7: B | E7: Dandy Dandelions | F7: REALL | G7: 2 | H7: 46186 | I7: 0.40694444 | P7: EUAA
C8: 4x4Mix | D8: A | E8: EUIPO 5 | F8: Horizon setters | G8: 3 | H8: 46186 | I8: 0.42291667 | P8: EUIPO
C9: 2x2 Mix | D9: E | E9: EUROPOL MIX | F9: Sandstormers | G9: 3 | H9: 46186 | I9: 0.64652778 | P9: EUROJUST
C10: 2x2 Mix | D10: F | E10: BBB | F10: Sandbox players | G10: 4 | H10: 46186 | I10: 0.64652778 | P10: EUROPOL
C11: 2x2 Mix | D11: F | E11: Volare oooh | F11: BBB | G11: 2 | H11: 46186 | I11: 0.6625 | P11: FRONTEX
C12: 2x2 Mix | D12: E | E12: EFSA 4 | F12: Sandstormers | G12: 3 | H12: 46186 | I12: 0.69444444 | P12: JRC
C13: 2x2 Mix | D13: F | E13: EFSA 5 | F13: BBB | G13: 2 | H13: 46186 | I13: 0.71041667 | P13: REA
C14: 2x2 Mix | D14: E | E14: Jellybeans | F14: Sandstormers | G14: 1 | H14: 46186 | I14: 0.75833333

Sheet Standings
A2: 2x2 MIX
A4: Group A | B4: Games played | C4: Wins | D4: Tied | E4: Losses | F4: Points won | G4: Points lost | H4: Score | I4: Points quotient
A5: =+'2x2 MIX'!A34 -> EUIPO 3 | B5: {=SUMPRODUCT(--('2x2 MIX'!C$43:C$82 = Standings!A5),--('2x2 MIX'!I$43:I$82<>""))+SUMPRODUCT(--('2x2 MIX'!D$43:D$82 = Standings!A5),--('2x2 MIX'!I$43:I$82<>""))} -> 0 | C5: {=SUMPRODUCT(--('2x2 MIX'!C$43:C$82 = Standings!A5),--('2x2 MIX'!I$43:I$82>'2x2 MIX'!J$43:J$82))+SUMPRODUCT(--('2x2 MIX'!D$43:D$82 = Standings!A5),--('2x2 MIX'!I$43:I$82<'2x2 MIX'!J$43:J$82))} -> 0 | D5: =+B5-C5-E5 -> 0 | E5: {=SUMPRODUCT(--('2x2 MIX'!C$43:C$82 = Standings!A5),--('2x2 MIX'!I$43:I$82<'2x2 MIX'!J$43:J$82))+SUMPRODUCT(--('2x2 MIX'!D$43:D$82 = Standings!A5),--('2x2 MIX'!I$43:I$82>'2x2 MIX'!J$43:J$82))} -> 0 | F5: =+SUMIFS('2x2 MIX'!I$43:J$82,'2x2 MIX'!C$43:D$82,Standings!A5) -> 0 | G5: {=SUMPRODUCT(--('2x2 MIX'!C$43:C$82=Standings!A5),'2x2 MIX'!J$43:J$82)+SUMPRODUCT(--('2x2 MIX'!D$43:D$82=Standings!A5),'2x2 MIX'!I$43:I$82)} -> 0 | H5: =0.75*(C5*2+D5*1) -> 0 | I5: =+F5/G5 -> #DIV/0!
A6: =+'2x2 MIX'!A35 -> Paddington | B6: {=SUMPRODUCT(--('2x2 MIX'!C$43:C$82 = Standings!A6),--('2x2 MIX'!I$43:I$82<>""))+SUMPRODUCT(--('2x2 MIX'!D$43:D$82 = Standings!A6),--('2x2 MIX'!I$43:I$82<>""))} -> 0 | C6: {=SUMPRODUCT(--('2x2 MIX'!C$43:C$82 = Standings!A6),--('2x2 MIX'!I$43:I$82>'2x2 MIX'!J$43:J$82))+SUMPRODUCT(--('2x2 MIX'!D$43:D$82 = Standings!A6),--('2x2 MIX'!I$43:I$82<'2x2 MIX'!J$43:J$82))} -> 0 | D6: =+B6-C6-E6 -> 0 | E6: {=SUMPRODUCT(--('2x2 MIX'!C$43:C$82 = Standings!A6),--('2x2 MIX'!I$43:I$82<'2x2 MIX'!J$43:J$82))+SUMPRODUCT(--('2x2 MIX'!D$43:D$82 = Standings!A6),--('2x2 MIX'!I$43:I$82>'2x2 MIX'!J$43:J$82))} -> 0 | F6: =+SUMIFS('2x2 MIX'!I$43:J$82,'2x2 MIX'!C$43:D$82,Standings!A6) -> 0 | G6: {=SUMPRODUCT(--('2x2 MIX'!C$43:C$82=Standings!A6),'2x2 MIX'!J$43:J$82)+SUMPRODUCT(--('2x2 MIX'!D$43:D$82=Standings!A6),'2x2 MIX'!I$43:I$82)} -> 0 | H6: =0.75*(C6*2+D6*1) -> 0 | I6: =+F6/G6 -> #DIV/0!
A7: =+'2x2 MIX'!A36 -> Ooh la la | B7: {=SUMPRODUCT(--('2x2 MIX'!C$43:C$82 = Standings!A7),--('2x2 MIX'!I$43:I$82<>""))+SUMPRODUCT(--('2x2 MIX'!D$43:D$82 = Standings!A7),--('2x2 MIX'!I$43:I$82<>""))} -> 0 | C7: {=SUMPRODUCT(--('2x2 MIX'!C$43:C$82 = Standings!A7),--('2x2 MIX'!I$43:I$82>'2x2 MIX'!J$43:J$82))+SUMPRODUCT(--('2x2 MIX'!D$43:D$82 = Standings!A7),--('2x2 MIX'!I$43:I$82<'2x2 MIX'!J$43:J$82))} -> 0 | D7: =+B7-C7-E7 -> 0 | E7: {=SUMPRODUCT(--('2x2 MIX'!C$43:C$82 = Standings!A7),--('2x2 MIX'!I$43:I$82<'2x2 MIX'!J$43:J$82))+SUMPRODUCT(--('2x2 MIX'!D$43:D$82 = Standings!A7),--('2x2 MIX'!I$43:I$82>'2x2 MIX'!J$43:J$82))} -> 0 | F7: =+SUMIFS('2x2 MIX'!I$43:J$82,'2x2 MIX'!C$43:D$82,Standings!A7) -> 0 | G7: {=SUMPRODUCT(--('2x2 MIX'!C$43:C$82=Standings!A7),'2x2 MIX'!J$43:J$82)+SUMPRODUCT(--('2x2 MIX'!D$43:D$82=Standings!A7),'2x2 MIX'!I$43:I$82)} -> 0 | H7: =0.75*(C7*2+D7*1) -> 0 | I7: =+F7/G7 -> #DIV/0!
A8: =+'2x2 MIX'!A37 -> Se non spigoli non vale | B8: {=SUMPRODUCT(--('2x2 MIX'!C$43:C$82 = Standings!A8),--('2x2 MIX'!I$43:I$82<>""))+SUMPRODUCT(--('2x2 MIX'!D$43:D$82 = Standings!A8),--('2x2 MIX'!I$43:I$82<>""))} -> 0 | C8: {=SUMPRODUCT(--('2x2 MIX'!C$43:C$82 = Standings!A8),--('2x2 MIX'!I$43:I$82>'2x2 MIX'!J$43:J$82))+SUMPRODUCT(--('2x2 MIX'!D$43:D$82 = Standings!A8),--('2x2 MIX'!I$43:I$82<'2x2 MIX'!J$43:J$82))} -> 0 | D8: =+B8-C8-E8 -> 0 | E8: {=SUMPRODUCT(--('2x2 MIX'!C$43:C$82 = Standings!A8),--('2x2 MIX'!I$43:I$82<'2x2 MIX'!J$43:J$82))+SUMPRODUCT(--('2x2 MIX'!D$43:D$82 = Standings!A8),--('2x2 MIX'!I$43:I$82>'2x2 MIX'!J$43:J$82))} -> 0 | F8: =+SUMIFS('2x2 MIX'!I$43:J$82,'2x2 MIX'!C$43:D$82,Standings!A8) -> 0 | G8: {=SUMPRODUCT(--('2x2 MIX'!C$43:C$82=Standings!A8),'2x2 MIX'!J$43:J$82)+SUMPRODUCT(--('2x2 MIX'!D$43:D$82=Standings!A8),'2x2 MIX'!I$43:I$82)} -> 0 | H8: =0.75*(C8*2+D8*1) -> 0 | I8: =+F8/G8 -> #DIV/0!
A9: =+'2x2 MIX'!A38 -> ECDC | B9: {=SUMPRODUCT(--('2x2 MIX'!C$43:C$82 = Standings!A9),--('2x2 MIX'!I$43:I$82<>""))+SUMPRODUCT(--('2x2 MIX'!D$43:D$82 = Standings!A9),--('2x2 MIX'!I$43:I$82<>""))} -> 0 | C9: {=SUMPRODUCT(--('2x2 MIX'!C$43:C$82 = Standings!A9),--('2x2 MIX'!I$43:I$82>'2x2 MIX'!J$43:J$82))+SUMPRODUCT(--('2x2 MIX'!D$43:D$82 = Standings!A9),--('2x2 MIX'!I$43:I$82<'2x2 MIX'!J$43:J$82))} -> 0 | D9: =+B9-C9-E9 -> 0 | E9: {=SUMPRODUCT(--('2x2 MIX'!C$43:C$82 = Standings!A9),--('2x2 MIX'!I$43:I$82<'2x2 MIX'!J$43:J$82))+SUMPRODUCT(--('2x2 MIX'!D$43:D$82 = Standings!A9),--('2x2 MIX'!I$43:I$82>'2x2 MIX'!J$43:J$82))} -> 0 | F9: =+SUMIFS('2x2 MIX'!I$43:J$82,'2x2 MIX'!C$43:D$82,Standings!A9) -> 0 | G9: {=SUMPRODUCT(--('2x2 MIX'!C$43:C$82=Standings!A9),'2x2 MIX'!J$43:J$82)+SUMPRODUCT(--('2x2 MIX'!D$43:D$82=Standings!A9),'2x2 MIX'!I$43:I$82)} -> 0 | H9: =0.75*(C9*2+D9*1) -> 0 | I9: =+F9/G9 -> #DIV/0!
A11: Group B | B11: Games played | C11: Wins | D11: Tied | E11: Losses | F11: Points won | G11: Points lost | H11: Score | I11: Points quotient
A12: =+'2x2 MIX'!B34 -> EUIPO 4 | B12: {=SUMPRODUCT(--('2x2 MIX'!C$43:C$82 = Standings!A12),--('2x2 MIX'!I$43:I$82<>""))+SUMPRODUCT(--('2x2 MIX'!D$43:D$82 = Standings!A12),--('2x2 MIX'!I$43:I$82<>""))} -> 0 | C12: {=SUMPRODUCT(--('2x2 MIX'!C$43:C$82 = Standings!A12),--('2x2 MIX'!I$43:I$82>'2x2 MIX'!J$43:J$82))+SUMPRODUCT(--('2x2 MIX'!D$43:D$82 = Standings!A12),--('2x2 MIX'!I$43:I$82<'2x2 MIX'!J$43:J$82))} -> 0 | D12: =+B12-C12-E12 -> 0 | E12: {=SUMPRODUCT(--('2x2 MIX'!C$43:C$82 = Standings!A12),--('2x2 MIX'!I$43:I$82<'2x2 MIX'!J$43:J$82))+SUMPRODUCT(--('2x2 MIX'!D$43:D$82 = Standings!A12),--('2x2 MIX'!I$43:I$82>'2x2 MIX'!J$43:J$82))} -> 0 | F12: =+SUMIFS('2x2 MIX'!I$43:J$82,'2x2 MIX'!C$43:D$82,Standings!A12) -> 0 | G12: {=SUMPRODUCT(--('2x2 MIX'!C$43:C$82=Standings!A12),'2x2 MIX'!J$43:J$82)+SUMPRODUCT(--('2x2 MIX'!D$43:D$82=Standings!A12),'2x2 MIX'!I$43:I$82)} -> 0 | H12: =+C12*2+D12*1 -> 0 | I12: =+F12/G12 -> #DIV/0!
A13: =+'2x2 MIX'!B35 -> The Lambrusco Paradox | B13: {=SUMPRODUCT(--('2x2 MIX'!C$43:C$82 = Standings!A13),--('2x2 MIX'!I$43:I$82<>""))+SUMPRODUCT(--('2x2 MIX'!D$43:D$82 = Standings!A13),--('2x2 MIX'!I$43:I$82<>""))} -> 0 | C13: {=SUMPRODUCT(--('2x2 MIX'!C$43:C$82 = Standings!A13),--('2x2 MIX'!I$43:I$82>'2x2 MIX'!J$43:J$82))+SUMPRODUCT(--('2x2 MIX'!D$43:D$82 = Standings!A13),--('2x2 MIX'!I$43:I$82<'2x2 MIX'!J$43:J$82))} -> 0 | D13: =+B13-C13-E13 -> 0 | E13: {=SUMPRODUCT(--('2x2 MIX'!C$43:C$82 = Standings!A13),--('2x2 MIX'!I$43:I$82<'2x2 MIX'!J$43:J$82))+SUMPRODUCT(--('2x2 MIX'!D$43:D$82 = Standings!A13),--('2x2 MIX'!I$43:I$82>'2x2 MIX'!J$43:J$82))} -> 0 | F13: =+SUMIFS('2x2 MIX'!I$43:J$82,'2x2 MIX'!C$43:D$82,Standings!A13) -> 0 | G13: {=SUMPRODUCT(--('2x2 MIX'!C$43:C$82=Standings!A13),'2x2 MIX'!J$43:J$82)+SUMPRODUCT(--('2x2 MIX'!D$43:D$82=Standings!A13),'2x2 MIX'!I$43:I$82)} -> 0 | H13: =+C13*2+D13*1 -> 0 | I13: =+F13/G13 -> #DIV/0!
A14: =+'2x2 MIX'!B36 -> Balkan Beach Ballers | B14: {=SUMPRODUCT(--('2x2 MIX'!C$43:C$82 = Standings!A14),--('2x2 MIX'!I$43:I$82<>""))+SUMPRODUCT(--('2x2 MIX'!D$43:D$82 = Standings!A14),--('2x2 MIX'!I$43:I$82<>""))} -> 0 | C14: {=SUMPRODUCT(--('2x2 MIX'!C$43:C$82 = Standings!A14),--('2x2 MIX'!I$43:I$82>'2x2 MIX'!J$43:J$82))+SUMPRODUCT(--('2x2 MIX'!D$43:D$82 = Standings!A14),--('2x2 MIX'!I$43:I$82<'2x2 MIX'!J$43:J$82))} -> 0 | D14: =+B14-C14-E14 -> 0 | E14: {=SUMPRODUCT(--('2x2 MIX'!C$43:C$82 = Standings!A14),--('2x2 MIX'!I$43:I$82<'2x2 MIX'!J$43:J$82))+SUMPRODUCT(--('2x2 MIX'!D$43:D$82 = Standings!A14),--('2x2 MIX'!I$43:I$82>'2x2 MIX'!J$43:J$82))} -> 0 | F14: =+SUMIFS('2x2 MIX'!I$43:J$82,'2x2 MIX'!C$43:D$82,Standings!A14) -> 0 | G14: {=SUMPRODUCT(--('2x2 MIX'!C$43:C$82=Standings!A14),'2x2 MIX'!J$43:J$82)+SUMPRODUCT(--('2x2 MIX'!D$43:D$82=Standings!A14),'2x2 MIX'!I$43:I$82)} -> 0 | H14: =+C14*2+D14*1 -> 0 | I14: =+F14/G14 -> #DIV/0!
A15: =+'2x2 MIX'!B37 -> JRC Energy dense | B15: {=SUMPRODUCT(--('2x2 MIX'!C$43:C$82 = Standings!A15),--('2x2 MIX'!I$43:I$82<>""))+SUMPRODUCT(--('2x2 MIX'!D$43:D$82 = Standings!A15),--('2x2 MIX'!I$43:I$82<>""))} -> 0 | C15: {=SUMPRODUCT(--('2x2 MIX'!C$43:C$82 = Standings!A15),--('2x2 MIX'!I$43:I$82>'2x2 MIX'!J$43:J$82))+SUMPRODUCT(--('2x2 MIX'!D$43:D$82 = Standings!A15),--('2x2 MIX'!I$43:I$82<'2x2 MIX'!J$43:J$82))} -> 0 | D15: =+B15-C15-E15 -> 0 | E15: {=SUMPRODUCT(--('2x2 MIX'!C$43:C$82 = Standings!A15),--('2x2 MIX'!I$43:I$82<'2x2 MIX'!J$43:J$82))+SUMPRODUCT(--('2x2 MIX'!D$43:D$82 = Standings!A15),--('2x2 MIX'!I$43:I$82>'2x2 MIX'!J$43:J$82))} -> 0 | F15: =+SUMIFS('2x2 MIX'!I$43:J$82,'2x2 MIX'!C$43:D$82,Standings!A15) -> 0 | G15: {=SUMPRODUCT(--('2x2 MIX'!C$43:C$82=Standings!A15),'2x2 MIX'!J$43:J$82)+SUMPRODUCT(--('2x2 MIX'!D$43:D$82=Standings!A15),'2x2 MIX'!I$43:I$82)} -> 0 | H15: =+C15*2+D15*1 -> 0 | I15: =+F15/G15 -> #DIV/0!
A17: Group C | B17: Games played | C17: Wins | D17: Tied | E17: Losses | F17: Points won | G17: Points lost | H17: Score | I17: Points quotient
A18: =+'2x2 MIX'!C34 -> Copacabana | B18: {=SUMPRODUCT(--('2x2 MIX'!C$43:C$82 = Standings!A18),--('2x2 MIX'!I$43:I$82<>""))+SUMPRODUCT(--('2x2 MIX'!D$43:D$82 = Standings!A18),--('2x2 MIX'!I$43:I$82<>""))} -> 0 | C18: {=SUMPRODUCT(--('2x2 MIX'!C$43:C$82 = Standings!A18),--('2x2 MIX'!I$43:I$82>'2x2 MIX'!J$43:J$82))+SUMPRODUCT(--('2x2 MIX'!D$43:D$82 = Standings!A18),--('2x2 MIX'!I$43:I$82<'2x2 MIX'!J$43:J$82))} -> 0 | D18: =+B18-C18-E18 -> 0 | E18: {=SUMPRODUCT(--('2x2 MIX'!C$43:C$82 = Standings!A18),--('2x2 MIX'!I$43:I$82<'2x2 MIX'!J$43:J$82))+SUMPRODUCT(--('2x2 MIX'!D$43:D$82 = Standings!A18),--('2x2 MIX'!I$43:I$82>'2x2 MIX'!J$43:J$82))} -> 0 | F18: =+SUMIFS('2x2 MIX'!I$43:J$82,'2x2 MIX'!C$43:D$82,Standings!A18) -> 0 | G18: {=SUMPRODUCT(--('2x2 MIX'!C$43:C$82=Standings!A18),'2x2 MIX'!J$43:J$82)+SUMPRODUCT(--('2x2 MIX'!D$43:D$82=Standings!A18),'2x2 MIX'!I$43:I$82)} -> 0 | H18: =+C18*2+D18*1 -> 0 | I18: =+F18/G18 -> #DIV/0!
A19: =+'2x2 MIX'!C35 -> From Tokyo to The Hague | B19: {=SUMPRODUCT(--('2x2 MIX'!C$43:C$82 = Standings!A19),--('2x2 MIX'!I$43:I$82<>""))+SUMPRODUCT(--('2x2 MIX'!D$43:D$82 = Standings!A19),--('2x2 MIX'!I$43:I$82<>""))} -> 0 | C19: {=SUMPRODUCT(--('2x2 MIX'!C$43:C$82 = Standings!A19),--('2x2 MIX'!I$43:I$82>'2x2 MIX'!J$43:J$82))+SUMPRODUCT(--('2x2 MIX'!D$43:D$82 = Standings!A19),--('2x2 MIX'!I$43:I$82<'2x2 MIX'!J$43:J$82))} -> 0 | D19: =+B19-C19-E19 -> 0 | E19: {=SUMPRODUCT(--('2x2 MIX'!C$43:C$82 = Standings!A19),--('2x2 MIX'!I$43:I$82<'2x2 MIX'!J$43:J$82))+SUMPRODUCT(--('2x2 MIX'!D$43:D$82 = Standings!A19),--('2x2 MIX'!I$43:I$82>'2x2 MIX'!J$43:J$82))} -> 0 | F19: =+SUMIFS('2x2 MIX'!I$43:J$82,'2x2 MIX'!C$43:D$82,Standings!A19) -> 0 | G19: {=SUMPRODUCT(--('2x2 MIX'!C$43:C$82=Standings!A19),'2x2 MIX'!J$43:J$82)+SUMPRODUCT(--('2x2 MIX'!D$43:D$82=Standings!A19),'2x2 MIX'!I$43:I$82)} -> 0 | H19: =+C19*2+D19*1 -> 0 | I19: =+F19/G19 -> #DIV/0!
A20: =+'2x2 MIX'!C36 -> Mdina Defenders | B20: {=SUMPRODUCT(--('2x2 MIX'!C$43:C$82 = Standings!A20),--('2x2 MIX'!I$43:I$82<>""))+SUMPRODUCT(--('2x2 MIX'!D$43:D$82 = Standings!A20),--('2x2 MIX'!I$43:I$82<>""))} -> 0 | C20: {=SUMPRODUCT(--('2x2 MIX'!C$43:C$82 = Standings!A20),--('2x2 MIX'!I$43:I$82>'2x2 MIX'!J$43:J$82))+SUMPRODUCT(--('2x2 MIX'!D$43:D$82 = Standings!A20),--('2x2 MIX'!I$43:I$82<'2x2 MIX'!J$43:J$82))} -> 0 | D20: =+B20-C20-E20 -> 0 | E20: {=SUMPRODUCT(--('2x2 MIX'!C$43:C$82 = Standings!A20),--('2x2 MIX'!I$43:I$82<'2x2 MIX'!J$43:J$82))+SUMPRODUCT(--('2x2 MIX'!D$43:D$82 = Standings!A20),--('2x2 MIX'!I$43:I$82>'2x2 MIX'!J$43:J$82))} -> 0 | F20: =+SUMIFS('2x2 MIX'!I$43:J$82,'2x2 MIX'!C$43:D$82,Standings!A20) -> 0 | G20: {=SUMPRODUCT(--('2x2 MIX'!C$43:C$82=Standings!A20),'2x2 MIX'!J$43:J$82)+SUMPRODUCT(--('2x2 MIX'!D$43:D$82=Standings!A20),'2x2 MIX'!I$43:I$82)} -> 0 | H20: =+C20*2+D20*1 -> 0 | I20: =+F20/G20 -> #DIV/0!
A21: =+'2x2 MIX'!C37 -> Gianmarcoooo | B21: {=SUMPRODUCT(--('2x2 MIX'!C$43:C$82 = Standings!A21),--('2x2 MIX'!I$43:I$82<>""))+SUMPRODUCT(--('2x2 MIX'!D$43:D$82 = Standings!A21),--('2x2 MIX'!I$43:I$82<>""))} -> 0 | C21: {=SUMPRODUCT(--('2x2 MIX'!C$43:C$82 = Standings!A21),--('2x2 MIX'!I$43:I$82>'2x2 MIX'!J$43:J$82))+SUMPRODUCT(--('2x2 MIX'!D$43:D$82 = Standings!A21),--('2x2 MIX'!I$43:I$82<'2x2 MIX'!J$43:J$82))} -> 0 | D21: =+B21-C21-E21 -> 0 | E21: {=SUMPRODUCT(--('2x2 MIX'!C$43:C$82 = Standings!A21),--('2x2 MIX'!I$43:I$82<'2x2 MIX'!J$43:J$82))+SUMPRODUCT(--('2x2 MIX'!D$43:D$82 = Standings!A21),--('2x2 MIX'!I$43:I$82>'2x2 MIX'!J$43:J$82))} -> 0 | F21: =+SUMIFS('2x2 MIX'!I$43:J$82,'2x2 MIX'!C$43:D$82,Standings!A21) -> 0 | G21: {=SUMPRODUCT(--('2x2 MIX'!C$43:C$82=Standings!A21),'2x2 MIX'!J$43:J$82)+SUMPRODUCT(--('2x2 MIX'!D$43:D$82=Standings!A21),'2x2 MIX'!I$43:I$82)} -> 0 | H21: =+C21*2+D21*1 -> 0 | I21: =+F21/G21 -> #DIV/0!
A23: Group D | B23: Games played | C23: Wins | D23: Tied | E23: Losses | F23: Points won | G23: Points lost | H23: Score | I23: Points quotient
A24: =+'2x2 MIX'!D34 -> Keto | B24: {=SUMPRODUCT(--('2x2 MIX'!C$43:C$82 = Standings!A24),--('2x2 MIX'!I$43:I$82<>""))+SUMPRODUCT(--('2x2 MIX'!D$43:D$82 = Standings!A24),--('2x2 MIX'!I$43:I$82<>""))} -> 0 | C24: {=SUMPRODUCT(--('2x2 MIX'!C$43:C$82 = Standings!A24),--('2x2 MIX'!I$43:I$82>'2x2 MIX'!J$43:J$82))+SUMPRODUCT(--('2x2 MIX'!D$43:D$82 = Standings!A24),--('2x2 MIX'!I$43:I$82<'2x2 MIX'!J$43:J$82))} -> 0 | D24: =+B24-C24-E24 -> 0 | E24: {=SUMPRODUCT(--('2x2 MIX'!C$43:C$82 = Standings!A24),--('2x2 MIX'!I$43:I$82<'2x2 MIX'!J$43:J$82))+SUMPRODUCT(--('2x2 MIX'!D$43:D$82 = Standings!A24),--('2x2 MIX'!I$43:I$82>'2x2 MIX'!J$43:J$82))} -> 0 | F24: =+SUMIFS('2x2 MIX'!I$43:J$82,'2x2 MIX'!C$43:D$82,Standings!A24) -> 0 | G24: {=SUMPRODUCT(--('2x2 MIX'!C$43:C$82=Standings!A24),'2x2 MIX'!J$43:J$82)+SUMPRODUCT(--('2x2 MIX'!D$43:D$82=Standings!A24),'2x2 MIX'!I$43:I$82)} -> 0 | H24: =+C24*2+D24*1 -> 0 | I24: =+F24/G24 -> #DIV/0!
A25: =+'2x2 MIX'!D35 -> EFSA 3 | B25: {=SUMPRODUCT(--('2x2 MIX'!C$43:C$82 = Standings!A25),--('2x2 MIX'!I$43:I$82<>""))+SUMPRODUCT(--('2x2 MIX'!D$43:D$82 = Standings!A25),--('2x2 MIX'!I$43:I$82<>""))} -> 0 | C25: {=SUMPRODUCT(--('2x2 MIX'!C$43:C$82 = Standings!A25),--('2x2 MIX'!I$43:I$82>'2x2 MIX'!J$43:J$82))+SUMPRODUCT(--('2x2 MIX'!D$43:D$82 = Standings!A25),--('2x2 MIX'!I$43:I$82<'2x2 MIX'!J$43:J$82))} -> 0 | D25: =+B25-C25-E25 -> 0 | E25: {=SUMPRODUCT(--('2x2 MIX'!C$43:C$82 = Standings!A25),--('2x2 MIX'!I$43:I$82<'2x2 MIX'!J$43:J$82))+SUMPRODUCT(--('2x2 MIX'!D$43:D$82 = Standings!A25),--('2x2 MIX'!I$43:I$82>'2x2 MIX'!J$43:J$82))} -> 0 | F25: =+SUMIFS('2x2 MIX'!I$43:J$82,'2x2 MIX'!C$43:D$82,Standings!A25) -> 0 | G25: {=SUMPRODUCT(--('2x2 MIX'!C$43:C$82=Standings!A25),'2x2 MIX'!J$43:J$82)+SUMPRODUCT(--('2x2 MIX'!D$43:D$82=Standings!A25),'2x2 MIX'!I$43:I$82)} -> 0 | H25: =+C25*2+D25*1 -> 0 | I25: =+F25/G25 -> #DIV/0!
A26: =+'2x2 MIX'!D36 -> Ftira Fellowship | B26: {=SUMPRODUCT(--('2x2 MIX'!C$43:C$82 = Standings!A26),--('2x2 MIX'!I$43:I$82<>""))+SUMPRODUCT(--('2x2 MIX'!D$43:D$82 = Standings!A26),--('2x2 MIX'!I$43:I$82<>""))} -> 0 | C26: {=SUMPRODUCT(--('2x2 MIX'!C$43:C$82 = Standings!A26),--('2x2 MIX'!I$43:I$82>'2x2 MIX'!J$43:J$82))+SUMPRODUCT(--('2x2 MIX'!D$43:D$82 = Standings!A26),--('2x2 MIX'!I$43:I$82<'2x2 MIX'!J$43:J$82))} -> 0 | D26: =+B26-C26-E26 -> 0 | E26: {=SUMPRODUCT(--('2x2 MIX'!C$43:C$82 = Standings!A26),--('2x2 MIX'!I$43:I$82<'2x2 MIX'!J$43:J$82))+SUMPRODUCT(--('2x2 MIX'!D$43:D$82 = Standings!A26),--('2x2 MIX'!I$43:I$82>'2x2 MIX'!J$43:J$82))} -> 0 | F26: =+SUMIFS('2x2 MIX'!I$43:J$82,'2x2 MIX'!C$43:D$82,Standings!A26) -> 0 | G26: {=SUMPRODUCT(--('2x2 MIX'!C$43:C$82=Standings!A26),'2x2 MIX'!J$43:J$82)+SUMPRODUCT(--('2x2 MIX'!D$43:D$82=Standings!A26),'2x2 MIX'!I$43:I$82)} -> 0 | H26: =+C26*2+D26*1 -> 0 | I26: =+F26/G26 -> #DIV/0!
A27: =+'2x2 MIX'!D37 -> Ticino e Carbonara | B27: {=SUMPRODUCT(--('2x2 MIX'!C$43:C$82 = Standings!A27),--('2x2 MIX'!I$43:I$82<>""))+SUMPRODUCT(--('2x2 MIX'!D$43:D$82 = Standings!A27),--('2x2 MIX'!I$43:I$82<>""))} -> 0 | C27: {=SUMPRODUCT(--('2x2 MIX'!C$43:C$82 = Standings!A27),--('2x2 MIX'!I$43:I$82>'2x2 MIX'!J$43:J$82))+SUMPRODUCT(--('2x2 MIX'!D$43:D$82 = Standings!A27),--('2x2 MIX'!I$43:I$82<'2x2 MIX'!J$43:J$82))} -> 0 | D27: =+B27-C27-E27 -> 0 | E27: {=SUMPRODUCT(--('2x2 MIX'!C$43:C$82 = Standings!A27),--('2x2 MIX'!I$43:I$82<'2x2 MIX'!J$43:J$82))+SUMPRODUCT(--('2x2 MIX'!D$43:D$82 = Standings!A27),--('2x2 MIX'!I$43:I$82>'2x2 MIX'!J$43:J$82))} -> 0 | F27: =+SUMIFS('2x2 MIX'!I$43:J$82,'2x2 MIX'!C$43:D$82,Standings!A27) -> 0 | G27: {=SUMPRODUCT(--('2x2 MIX'!C$43:C$82=Standings!A27),'2x2 MIX'!J$43:J$82)+SUMPRODUCT(--('2x2 MIX'!D$43:D$82=Standings!A27),'2x2 MIX'!I$43:I$82)} -> 0 | H27: =+C27*2+D27*1 -> 0 | I27: =+F27/G27 -> #DIV/0!
A29: Group E | B29: Games played | C29: Wins | D29: Tied | E29: Losses | F29: Points won | G29: Points lost | H29: Score | I29: Points quotient
A30: =+'2x2 MIX'!E34 -> Jellybeans | B30: {=SUMPRODUCT(--('2x2 MIX'!C$43:C$82 = Standings!A30),--('2x2 MIX'!I$43:I$82<>""))+SUMPRODUCT(--('2x2 MIX'!D$43:D$82 = Standings!A30),--('2x2 MIX'!I$43:I$82<>""))} -> 0 | C30: {=SUMPRODUCT(--('2x2 MIX'!C$43:C$82 = Standings!A30),--('2x2 MIX'!I$43:I$82>'2x2 MIX'!J$43:J$82))+SUMPRODUCT(--('2x2 MIX'!D$43:D$82 = Standings!A30),--('2x2 MIX'!I$43:I$82<'2x2 MIX'!J$43:J$82))} -> 0 | D30: =+B30-C30-E30 -> 0 | E30: {=SUMPRODUCT(--('2x2 MIX'!C$43:C$82 = Standings!A30),--('2x2 MIX'!I$43:I$82<'2x2 MIX'!J$43:J$82))+SUMPRODUCT(--('2x2 MIX'!D$43:D$82 = Standings!A30),--('2x2 MIX'!I$43:I$82>'2x2 MIX'!J$43:J$82))} -> 0 | F30: =+SUMIFS('2x2 MIX'!I$43:J$82,'2x2 MIX'!C$43:D$82,Standings!A30) -> 0 | G30: {=SUMPRODUCT(--('2x2 MIX'!C$43:C$82=Standings!A30),'2x2 MIX'!J$43:J$82)+SUMPRODUCT(--('2x2 MIX'!D$43:D$82=Standings!A30),'2x2 MIX'!I$43:I$82)} -> 0 | H30: =+C30*2+D30*1 -> 0 | I30: =+F30/G30 -> #DIV/0!
A31: =+'2x2 MIX'!E35 -> EFSA 4 | B31: {=SUMPRODUCT(--('2x2 MIX'!C$43:C$82 = Standings!A31),--('2x2 MIX'!I$43:I$82<>""))+SUMPRODUCT(--('2x2 MIX'!D$43:D$82 = Standings!A31),--('2x2 MIX'!I$43:I$82<>""))} -> 0 | C31: {=SUMPRODUCT(--('2x2 MIX'!C$43:C$82 = Standings!A31),--('2x2 MIX'!I$43:I$82>'2x2 MIX'!J$43:J$82))+SUMPRODUCT(--('2x2 MIX'!D$43:D$82 = Standings!A31),--('2x2 MIX'!I$43:I$82<'2x2 MIX'!J$43:J$82))} -> 0 | D31: =+B31-C31-E31 -> 0 | E31: {=SUMPRODUCT(--('2x2 MIX'!C$43:C$82 = Standings!A31),--('2x2 MIX'!I$43:I$82<'2x2 MIX'!J$43:J$82))+SUMPRODUCT(--('2x2 MIX'!D$43:D$82 = Standings!A31),--('2x2 MIX'!I$43:I$82>'2x2 MIX'!J$43:J$82))} -> 0 | F31: =+SUMIFS('2x2 MIX'!I$43:J$82,'2x2 MIX'!C$43:D$82,Standings!A31) -> 0 | G31: {=SUMPRODUCT(--('2x2 MIX'!C$43:C$82=Standings!A31),'2x2 MIX'!J$43:J$82)+SUMPRODUCT(--('2x2 MIX'!D$43:D$82=Standings!A31),'2x2 MIX'!I$43:I$82)} -> 0 | H31: =+C31*2+D31*1 -> 0 | I31: =+F31/G31 -> #DIV/0!
A32: =+'2x2 MIX'!E36 -> EUROPOL MIX | B32: {=SUMPRODUCT(--('2x2 MIX'!C$43:C$82 = Standings!A32),--('2x2 MIX'!I$43:I$82<>""))+SUMPRODUCT(--('2x2 MIX'!D$43:D$82 = Standings!A32),--('2x2 MIX'!I$43:I$82<>""))} -> 0 | C32: {=SUMPRODUCT(--('2x2 MIX'!C$43:C$82 = Standings!A32),--('2x2 MIX'!I$43:I$82>'2x2 MIX'!J$43:J$82))+SUMPRODUCT(--('2x2 MIX'!D$43:D$82 = Standings!A32),--('2x2 MIX'!I$43:I$82<'2x2 MIX'!J$43:J$82))} -> 0 | D32: =+B32-C32-E32 -> 0 | E32: {=SUMPRODUCT(--('2x2 MIX'!C$43:C$82 = Standings!A32),--('2x2 MIX'!I$43:I$82<'2x2 MIX'!J$43:J$82))+SUMPRODUCT(--('2x2 MIX'!D$43:D$82 = Standings!A32),--('2x2 MIX'!I$43:I$82>'2x2 MIX'!J$43:J$82))} -> 0 | F32: =+SUMIFS('2x2 MIX'!I$43:J$82,'2x2 MIX'!C$43:D$82,Standings!A32) -> 0 | G32: {=SUMPRODUCT(--('2x2 MIX'!C$43:C$82=Standings!A32),'2x2 MIX'!J$43:J$82)+SUMPRODUCT(--('2x2 MIX'!D$43:D$82=Standings!A32),'2x2 MIX'!I$43:I$82)} -> 0 | H32: =+C32*2+D32*1 -> 0 | I32: =+F32/G32 -> #DIV/0!
A33: =+'2x2 MIX'!E37 -> Sandstormers | B33: {=SUMPRODUCT(--('2x2 MIX'!C$43:C$82 = Standings!A33),--('2x2 MIX'!I$43:I$82<>""))+SUMPRODUCT(--('2x2 MIX'!D$43:D$82 = Standings!A33),--('2x2 MIX'!I$43:I$82<>""))} -> 0 | C33: {=SUMPRODUCT(--('2x2 MIX'!C$43:C$82 = Standings!A33),--('2x2 MIX'!I$43:I$82>'2x2 MIX'!J$43:J$82))+SUMPRODUCT(--('2x2 MIX'!D$43:D$82 = Standings!A33),--('2x2 MIX'!I$43:I$82<'2x2 MIX'!J$43:J$82))} -> 0 | D33: =+B33-C33-E33 -> 0 | E33: {=SUMPRODUCT(--('2x2 MIX'!C$43:C$82 = Standings!A33),--('2x2 MIX'!I$43:I$82<'2x2 MIX'!J$43:J$82))+SUMPRODUCT(--('2x2 MIX'!D$43:D$82 = Standings!A33),--('2x2 MIX'!I$43:I$82>'2x2 MIX'!J$43:J$82))} -> 0 | F33: =+SUMIFS('2x2 MIX'!I$43:J$82,'2x2 MIX'!C$43:D$82,Standings!A33) -> 0 | G33: {=SUMPRODUCT(--('2x2 MIX'!C$43:C$82=Standings!A33),'2x2 MIX'!J$43:J$82)+SUMPRODUCT(--('2x2 MIX'!D$43:D$82=Standings!A33),'2x2 MIX'!I$43:I$82)} -> 0 | H33: =+C33*2+D33*1 -> 0 | I33: =+F33/G33 -> #DIV/0!
A35: Group F | B35: Games played | C35: Wins | D35: Tied | E35: Losses | F35: Points won | G35: Points lost | H35: Score | I35: Points quotient
A36: =+'2x2 MIX'!F34 -> Volare oooh | B36: {=SUMPRODUCT(--('2x2 MIX'!C$43:C$82 = Standings!A36),--('2x2 MIX'!I$43:I$82<>""))+SUMPRODUCT(--('2x2 MIX'!D$43:D$82 = Standings!A36),--('2x2 MIX'!I$43:I$82<>""))} -> 0 | C36: {=SUMPRODUCT(--('2x2 MIX'!C$43:C$82 = Standings!A36),--('2x2 MIX'!I$43:I$82>'2x2 MIX'!J$43:J$82))+SUMPRODUCT(--('2x2 MIX'!D$43:D$82 = Standings!A36),--('2x2 MIX'!I$43:I$82<'2x2 MIX'!J$43:J$82))} -> 0 | D36: =+B36-C36-E36 -> 0 | E36: {=SUMPRODUCT(--('2x2 MIX'!C$43:C$82 = Standings!A36),--('2x2 MIX'!I$43:I$82<'2x2 MIX'!J$43:J$82))+SUMPRODUCT(--('2x2 MIX'!D$43:D$82 = Standings!A36),--('2x2 MIX'!I$43:I$82>'2x2 MIX'!J$43:J$82))} -> 0 | F36: =+SUMIFS('2x2 MIX'!I$43:J$82,'2x2 MIX'!C$43:D$82,Standings!A36) -> 0 | G36: {=SUMPRODUCT(--('2x2 MIX'!C$43:C$82=Standings!A36),'2x2 MIX'!J$43:J$82)+SUMPRODUCT(--('2x2 MIX'!D$43:D$82=Standings!A36),'2x2 MIX'!I$43:I$82)} -> 0 | H36: =+C36*2+D36*1 -> 0 | I36: =+F36/G36 -> #DIV/0!
A37: =+'2x2 MIX'!F35 -> EFSA 5 | B37: {=SUMPRODUCT(--('2x2 MIX'!C$43:C$82 = Standings!A37),--('2x2 MIX'!I$43:I$82<>""))+SUMPRODUCT(--('2x2 MIX'!D$43:D$82 = Standings!A37),--('2x2 MIX'!I$43:I$82<>""))} -> 0 | C37: {=SUMPRODUCT(--('2x2 MIX'!C$43:C$82 = Standings!A37),--('2x2 MIX'!I$43:I$82>'2x2 MIX'!J$43:J$82))+SUMPRODUCT(--('2x2 MIX'!D$43:D$82 = Standings!A37),--('2x2 MIX'!I$43:I$82<'2x2 MIX'!J$43:J$82))} -> 0 | D37: =+B37-C37-E37 -> 0 | E37: {=SUMPRODUCT(--('2x2 MIX'!C$43:C$82 = Standings!A37),--('2x2 MIX'!I$43:I$82<'2x2 MIX'!J$43:J$82))+SUMPRODUCT(--('2x2 MIX'!D$43:D$82 = Standings!A37),--('2x2 MIX'!I$43:I$82>'2x2 MIX'!J$43:J$82))} -> 0 | F37: =+SUMIFS('2x2 MIX'!I$43:J$82,'2x2 MIX'!C$43:D$82,Standings!A37) -> 0 | G37: {=SUMPRODUCT(--('2x2 MIX'!C$43:C$82=Standings!A37),'2x2 MIX'!J$43:J$82)+SUMPRODUCT(--('2x2 MIX'!D$43:D$82=Standings!A37),'2x2 MIX'!I$43:I$82)} -> 0 | H37: =+C37*2+D37*1 -> 0 | I37: =+F37/G37 -> #DIV/0!
A38: =+'2x2 MIX'!F36 -> BBB | B38: {=SUMPRODUCT(--('2x2 MIX'!C$43:C$82 = Standings!A38),--('2x2 MIX'!I$43:I$82<>""))+SUMPRODUCT(--('2x2 MIX'!D$43:D$82 = Standings!A38),--('2x2 MIX'!I$43:I$82<>""))} -> 0 | C38: {=SUMPRODUCT(--('2x2 MIX'!C$43:C$82 = Standings!A38),--('2x2 MIX'!I$43:I$82>'2x2 MIX'!J$43:J$82))+SUMPRODUCT(--('2x2 MIX'!D$43:D$82 = Standings!A38),--('2x2 MIX'!I$43:I$82<'2x2 MIX'!J$43:J$82))} -> 0 | D38: =+B38-C38-E38 -> 0 | E38: {=SUMPRODUCT(--('2x2 MIX'!C$43:C$82 = Standings!A38),--('2x2 MIX'!I$43:I$82<'2x2 MIX'!J$43:J$82))+SUMPRODUCT(--('2x2 MIX'!D$43:D$82 = Standings!A38),--('2x2 MIX'!I$43:I$82>'2x2 MIX'!J$43:J$82))} -> 0 | F38: =+SUMIFS('2x2 MIX'!I$43:J$82,'2x2 MIX'!C$43:D$82,Standings!A38) -> 0 | G38: {=SUMPRODUCT(--('2x2 MIX'!C$43:C$82=Standings!A38),'2x2 MIX'!J$43:J$82)+SUMPRODUCT(--('2x2 MIX'!D$43:D$82=Standings!A38),'2x2 MIX'!I$43:I$82)} -> 0 | H38: =+C38*2+D38*1 -> 0 | I38: =+F38/G38 -> #DIV/0!
A39: =+'2x2 MIX'!F37 -> Sandbox players | B39: {=SUMPRODUCT(--('2x2 MIX'!C$43:C$82 = Standings!A39),--('2x2 MIX'!I$43:I$82<>""))+SUMPRODUCT(--('2x2 MIX'!D$43:D$82 = Standings!A39),--('2x2 MIX'!I$43:I$82<>""))} -> 0 | C39: {=SUMPRODUCT(--('2x2 MIX'!C$43:C$82 = Standings!A39),--('2x2 MIX'!I$43:I$82>'2x2 MIX'!J$43:J$82))+SUMPRODUCT(--('2x2 MIX'!D$43:D$82 = Standings!A39),--('2x2 MIX'!I$43:I$82<'2x2 MIX'!J$43:J$82))} -> 0 | D39: =+B39-C39-E39 -> 0 | E39: {=SUMPRODUCT(--('2x2 MIX'!C$43:C$82 = Standings!A39),--('2x2 MIX'!I$43:I$82<'2x2 MIX'!J$43:J$82))+SUMPRODUCT(--('2x2 MIX'!D$43:D$82 = Standings!A39),--('2x2 MIX'!I$43:I$82>'2x2 MIX'!J$43:J$82))} -> 0 | F39: =+SUMIFS('2x2 MIX'!I$43:J$82,'2x2 MIX'!C$43:D$82,Standings!A39) -> 0 | G39: {=SUMPRODUCT(--('2x2 MIX'!C$43:C$82=Standings!A39),'2x2 MIX'!J$43:J$82)+SUMPRODUCT(--('2x2 MIX'!D$43:D$82=Standings!A39),'2x2 MIX'!I$43:I$82)} -> 0 | H39: =+C39*2+D39*1 -> 0 | I39: =+F39/G39 -> #DIV/0!
A42: 2x2 M
A44: Group A | B44: Games played | C44: Wins | D44: Tied | E44: Losses | F44: Points won | G44: Points lost | H44: Score | I44: Points quotient
A45: =+'2x2M'!A24 -> Too hot for indoor | B45: {=SUMPRODUCT(--('2x2M'!C$31:C$48=Standings!A45),--('2x2M'!I$31:I$48<>""))+SUMPRODUCT(--('2x2M'!D$31:D$48=Standings!A45),--('2x2M'!J$31:J$48<>""))} -> 0 | C45: {=SUMPRODUCT(--('2x2M'!C$31:C$48 = Standings!A45),--('2x2M'!I$31:I$48>'2x2M'!J$31:J$48))+SUMPRODUCT(--('2x2M'!D$31:D$48 = Standings!A45),--('2x2M'!I$31:I$48<'2x2M'!J$31:J$48))} -> 0 | D45: =+B45-C45-E45 -> 0 | E45: {=SUMPRODUCT(--('2x2M'!C$31:C$48 = Standings!A45),--('2x2M'!I$31:I$48<'2x2M'!J$31:J$48))+SUMPRODUCT(--('2x2M'!D$31:D$48 = Standings!A45),--('2x2M'!I$31:I$48>'2x2M'!J$31:J$48))} -> 0 | F45: =+SUMIFS('2x2M'!I$31:J$48,'2x2M'!C$31:D$48,Standings!A45) -> 0 | G45: {=SUMPRODUCT(--('2x2M'!C$31:C$48=Standings!A45),'2x2M'!J$31:J$48)+SUMPRODUCT(--('2x2M'!D$31:D$48=Standings!A45),'2x2M'!I$31:I$48)} -> 0 | H45: =2*(C45*2+D45*1)/3 -> 0 | I45: =+F45/G45 -> #DIV/0!
A46: =+'2x2M'!A25 -> Chill-out | B46: {=SUMPRODUCT(--('2x2M'!C$31:C$48=Standings!A46),--('2x2M'!I$31:I$48<>""))+SUMPRODUCT(--('2x2M'!D$31:D$48=Standings!A46),--('2x2M'!J$31:J$48<>""))} -> 0 | C46: {=SUMPRODUCT(--('2x2M'!C$31:C$48 = Standings!A46),--('2x2M'!I$31:I$48>'2x2M'!J$31:J$48))+SUMPRODUCT(--('2x2M'!D$31:D$48 = Standings!A46),--('2x2M'!I$31:I$48<'2x2M'!J$31:J$48))} -> 0 | D46: =+B46-C46-E46 -> 0 | E46: {=SUMPRODUCT(--('2x2M'!C$31:C$48 = Standings!A46),--('2x2M'!I$31:I$48<'2x2M'!J$31:J$48))+SUMPRODUCT(--('2x2M'!D$31:D$48 = Standings!A46),--('2x2M'!I$31:I$48>'2x2M'!J$31:J$48))} -> 0 | F46: =+SUMIFS('2x2M'!I$31:J$48,'2x2M'!C$31:D$48,Standings!A46) -> 0 | G46: {=SUMPRODUCT(--('2x2M'!C$31:C$48=Standings!A46),'2x2M'!J$31:J$48)+SUMPRODUCT(--('2x2M'!D$31:D$48=Standings!A46),'2x2M'!I$31:I$48)} -> 0 | H46: =2*(C46*2+D46*1)/3 -> 0 | I46: =+F46/G46 -> #DIV/0!
A47: =+'2x2M'!A26 -> EFSA 2 | B47: {=SUMPRODUCT(--('2x2M'!C$31:C$48=Standings!A47),--('2x2M'!I$31:I$48<>""))+SUMPRODUCT(--('2x2M'!D$31:D$48=Standings!A47),--('2x2M'!J$31:J$48<>""))} -> 0 | C47: {=SUMPRODUCT(--('2x2M'!C$31:C$48 = Standings!A47),--('2x2M'!I$31:I$48>'2x2M'!J$31:J$48))+SUMPRODUCT(--('2x2M'!D$31:D$48 = Standings!A47),--('2x2M'!I$31:I$48<'2x2M'!J$31:J$48))} -> 0 | D47: =+B47-C47-E47 -> 0 | E47: {=SUMPRODUCT(--('2x2M'!C$31:C$48 = Standings!A47),--('2x2M'!I$31:I$48<'2x2M'!J$31:J$48))+SUMPRODUCT(--('2x2M'!D$31:D$48 = Standings!A47),--('2x2M'!I$31:I$48>'2x2M'!J$31:J$48))} -> 0 | F47: =+SUMIFS('2x2M'!I$31:J$48,'2x2M'!C$31:D$48,Standings!A47) -> 0 | G47: {=SUMPRODUCT(--('2x2M'!C$31:C$48=Standings!A47),'2x2M'!J$31:J$48)+SUMPRODUCT(--('2x2M'!D$31:D$48=Standings!A47),'2x2M'!I$31:I$48)} -> 0 | H47: =2*(C47*2+D47*1)/3 -> 0 | I47: =+F47/G47 -> #DIV/0!
A48: =+'2x2M'!A27 -> Valletta's Tritons | B48: {=SUMPRODUCT(--('2x2M'!C$31:C$48=Standings!A48),--('2x2M'!I$31:I$48<>""))+SUMPRODUCT(--('2x2M'!D$31:D$48=Standings!A48),--('2x2M'!J$31:J$48<>""))} -> 0 | C48: {=SUMPRODUCT(--('2x2M'!C$31:C$48 = Standings!A48),--('2x2M'!I$31:I$48>'2x2M'!J$31:J$48))+SUMPRODUCT(--('2x2M'!D$31:D$48 = Standings!A48),--('2x2M'!I$31:I$48<'2x2M'!J$31:J$48))} -> 0 | D48: =+B48-C48-E48 -> 0 | E48: {=SUMPRODUCT(--('2x2M'!C$31:C$48 = Standings!A48),--('2x2M'!I$31:I$48<'2x2M'!J$31:J$48))+SUMPRODUCT(--('2x2M'!D$31:D$48 = Standings!A48),--('2x2M'!I$31:I$48>'2x2M'!J$31:J$48))} -> 0 | F48: =+SUMIFS('2x2M'!I$31:J$48,'2x2M'!C$31:D$48,Standings!A48) -> 0 | G48: {=SUMPRODUCT(--('2x2M'!C$31:C$48=Standings!A48),'2x2M'!J$31:J$48)+SUMPRODUCT(--('2x2M'!D$31:D$48=Standings!A48),'2x2M'!I$31:I$48)} -> 0 | H48: =2*(C48*2+D48*1)/3 -> 0 | I48: =+F48/G48 -> #DIV/0!
A51: Group B | B51: Games played | C51: Wins | D51: Tied | E51: Losses | F51: Points won | G51: Points lost | H51: Score | I51: Points quotient
A52: =+'2x2M'!B24 -> Europol 2x2 men | B52: {=SUMPRODUCT(--('2x2M'!C$31:C$48=Standings!A52),--('2x2M'!I$31:I$48<>""))+SUMPRODUCT(--('2x2M'!D$31:D$48=Standings!A52),--('2x2M'!J$31:J$48<>""))} -> 0 | C52: {=SUMPRODUCT(--('2x2M'!C$31:C$48 = Standings!A52),--('2x2M'!I$31:I$48>'2x2M'!J$31:J$48))+SUMPRODUCT(--('2x2M'!D$31:D$48 = Standings!A52),--('2x2M'!I$31:I$48<'2x2M'!J$31:J$48))} -> 0 | D52: =+B52-C52-E52 -> 0 | E52: {=SUMPRODUCT(--('2x2M'!C$31:C$48 = Standings!A52),--('2x2M'!I$31:I$48<'2x2M'!J$31:J$48))+SUMPRODUCT(--('2x2M'!D$31:D$48 = Standings!A52),--('2x2M'!I$31:I$48>'2x2M'!J$31:J$48))} -> 0 | F52: =+SUMIFS('2x2M'!I$31:J$48,'2x2M'!C$31:D$48,Standings!A52) -> 0 | G52: {=SUMPRODUCT(--('2x2M'!C$31:C$48=Standings!A52),'2x2M'!J$31:J$48)+SUMPRODUCT(--('2x2M'!D$31:D$48=Standings!A52),'2x2M'!I$31:I$48)} -> 0 | H52: =2*(C52*2+D52*1)/3 -> 0 | I52: =+F52/G52 -> #DIV/0!
A53: =+'2x2M'!B25 -> Ballbreakers | B53: {=SUMPRODUCT(--('2x2M'!C$31:C$48=Standings!A53),--('2x2M'!I$31:I$48<>""))+SUMPRODUCT(--('2x2M'!D$31:D$48=Standings!A53),--('2x2M'!J$31:J$48<>""))} -> 0 | C53: {=SUMPRODUCT(--('2x2M'!C$31:C$48 = Standings!A53),--('2x2M'!I$31:I$48>'2x2M'!J$31:J$48))+SUMPRODUCT(--('2x2M'!D$31:D$48 = Standings!A53),--('2x2M'!I$31:I$48<'2x2M'!J$31:J$48))} -> 0 | D53: =+B53-C53-E53 -> 0 | E53: {=SUMPRODUCT(--('2x2M'!C$31:C$48 = Standings!A53),--('2x2M'!I$31:I$48<'2x2M'!J$31:J$48))+SUMPRODUCT(--('2x2M'!D$31:D$48 = Standings!A53),--('2x2M'!I$31:I$48>'2x2M'!J$31:J$48))} -> 0 | F53: =+SUMIFS('2x2M'!I$31:J$48,'2x2M'!C$31:D$48,Standings!A53) -> 0 | G53: {=SUMPRODUCT(--('2x2M'!C$31:C$48=Standings!A53),'2x2M'!J$31:J$48)+SUMPRODUCT(--('2x2M'!D$31:D$48=Standings!A53),'2x2M'!I$31:I$48)} -> 0 | H53: =2*(C53*2+D53*1)/3 -> 0 | I53: =+F53/G53 -> #DIV/0!
A54: =+'2x2M'!B26 -> JRC 3 | B54: {=SUMPRODUCT(--('2x2M'!C$31:C$48=Standings!A54),--('2x2M'!I$31:I$48<>""))+SUMPRODUCT(--('2x2M'!D$31:D$48=Standings!A54),--('2x2M'!J$31:J$48<>""))} -> 0 | C54: {=SUMPRODUCT(--('2x2M'!C$31:C$48 = Standings!A54),--('2x2M'!I$31:I$48>'2x2M'!J$31:J$48))+SUMPRODUCT(--('2x2M'!D$31:D$48 = Standings!A54),--('2x2M'!I$31:I$48<'2x2M'!J$31:J$48))} -> 0 | D54: =+B54-C54-E54 -> 0 | E54: {=SUMPRODUCT(--('2x2M'!C$31:C$48 = Standings!A54),--('2x2M'!I$31:I$48<'2x2M'!J$31:J$48))+SUMPRODUCT(--('2x2M'!D$31:D$48 = Standings!A54),--('2x2M'!I$31:I$48>'2x2M'!J$31:J$48))} -> 0 | F54: =+SUMIFS('2x2M'!I$31:J$48,'2x2M'!C$31:D$48,Standings!A54) -> 0 | G54: {=SUMPRODUCT(--('2x2M'!C$31:C$48=Standings!A54),'2x2M'!J$31:J$48)+SUMPRODUCT(--('2x2M'!D$31:D$48=Standings!A54),'2x2M'!I$31:I$48)} -> 0 | H54: =2*(C54*2+D54*1)/3 -> 0 | I54: =+F54/G54 -> #DIV/0!
A55: =+'2x2M'!B27 -> Beach control | B55: {=SUMPRODUCT(--('2x2M'!C$31:C$48=Standings!A55),--('2x2M'!I$31:I$48<>""))+SUMPRODUCT(--('2x2M'!D$31:D$48=Standings!A55),--('2x2M'!J$31:J$48<>""))} -> 0 | C55: {=SUMPRODUCT(--('2x2M'!C$31:C$48 = Standings!A55),--('2x2M'!I$31:I$48>'2x2M'!J$31:J$48))+SUMPRODUCT(--('2x2M'!D$31:D$48 = Standings!A55),--('2x2M'!I$31:I$48<'2x2M'!J$31:J$48))} -> 0 | D55: =+B55-C55-E55 -> 0 | E55: {=SUMPRODUCT(--('2x2M'!C$31:C$48 = Standings!A55),--('2x2M'!I$31:I$48<'2x2M'!J$31:J$48))+SUMPRODUCT(--('2x2M'!D$31:D$48 = Standings!A55),--('2x2M'!I$31:I$48>'2x2M'!J$31:J$48))} -> 0 | F55: =+SUMIFS('2x2M'!I$31:J$48,'2x2M'!C$31:D$48,Standings!A55) -> 0 | G55: {=SUMPRODUCT(--('2x2M'!C$31:C$48=Standings!A55),'2x2M'!J$31:J$48)+SUMPRODUCT(--('2x2M'!D$31:D$48=Standings!A55),'2x2M'!I$31:I$48)} -> 0 | H55: =2*(C55*2+D55*1)/3 -> 0 | I55: =+F55/G55 -> #DIV/0!
A57: Group C | B57: Games played | C57: Wins | D57: Tied | E57: Losses | F57: Points won | G57: Points lost | H57: Score | I57: Points quotient
A58: =+'2x2M'!C24 -> Bacalhau&porchetta | B58: {=SUMPRODUCT(--('2x2M'!C$31:C$48=Standings!A58),--('2x2M'!I$31:I$48<>""))+SUMPRODUCT(--('2x2M'!D$31:D$48=Standings!A58),--('2x2M'!J$31:J$48<>""))} -> 0 | C58: {=SUMPRODUCT(--('2x2M'!C$31:C$48 = Standings!A58),--('2x2M'!I$31:I$48>'2x2M'!J$31:J$48))+SUMPRODUCT(--('2x2M'!D$31:D$48 = Standings!A58),--('2x2M'!I$31:I$48<'2x2M'!J$31:J$48))} -> 0 | D58: =+B58-C58-E58 -> 0 | E58: {=SUMPRODUCT(--('2x2M'!C$31:C$48 = Standings!A58),--('2x2M'!I$31:I$48<'2x2M'!J$31:J$48))+SUMPRODUCT(--('2x2M'!D$31:D$48 = Standings!A58),--('2x2M'!I$31:I$48>'2x2M'!J$31:J$48))} -> 0 | F58: =+SUMIFS('2x2M'!I$31:J$48,'2x2M'!C$31:D$48,Standings!A58) -> 0 | G58: {=SUMPRODUCT(--('2x2M'!C$31:C$48=Standings!A58),'2x2M'!J$31:J$48)+SUMPRODUCT(--('2x2M'!D$31:D$48=Standings!A58),'2x2M'!I$31:I$48)} -> 0 | H58: =+C58*2+D58*1 -> 0 | I58: =+F58/G58 -> #DIV/0!
A59: =+'2x2M'!C25 -> DP's | B59: {=SUMPRODUCT(--('2x2M'!C$31:C$48=Standings!A59),--('2x2M'!I$31:I$48<>""))+SUMPRODUCT(--('2x2M'!D$31:D$48=Standings!A59),--('2x2M'!J$31:J$48<>""))} -> 0 | C59: {=SUMPRODUCT(--('2x2M'!C$31:C$48 = Standings!A59),--('2x2M'!I$31:I$48>'2x2M'!J$31:J$48))+SUMPRODUCT(--('2x2M'!D$31:D$48 = Standings!A59),--('2x2M'!I$31:I$48<'2x2M'!J$31:J$48))} -> 0 | D59: =+B59-C59-E59 -> 0 | E59: {=SUMPRODUCT(--('2x2M'!C$31:C$48 = Standings!A59),--('2x2M'!I$31:I$48<'2x2M'!J$31:J$48))+SUMPRODUCT(--('2x2M'!D$31:D$48 = Standings!A59),--('2x2M'!I$31:I$48>'2x2M'!J$31:J$48))} -> 0 | F59: =+SUMIFS('2x2M'!I$31:J$48,'2x2M'!C$31:D$48,Standings!A59) -> 0 | G59: {=SUMPRODUCT(--('2x2M'!C$31:C$48=Standings!A59),'2x2M'!J$31:J$48)+SUMPRODUCT(--('2x2M'!D$31:D$48=Standings!A59),'2x2M'!I$31:I$48)} -> 0 | H59: =+C59*2+D59*1 -> 0 | I59: =+F59/G59 -> #DIV/0!
A60: =+'2x2M'!C26 -> I transalpini | B60: {=SUMPRODUCT(--('2x2M'!C$31:C$48=Standings!A60),--('2x2M'!I$31:I$48<>""))+SUMPRODUCT(--('2x2M'!D$31:D$48=Standings!A60),--('2x2M'!J$31:J$48<>""))} -> 0 | C60: {=SUMPRODUCT(--('2x2M'!C$31:C$48 = Standings!A60),--('2x2M'!I$31:I$48>'2x2M'!J$31:J$48))+SUMPRODUCT(--('2x2M'!D$31:D$48 = Standings!A60),--('2x2M'!I$31:I$48<'2x2M'!J$31:J$48))} -> 0 | D60: =+B60-C60-E60 -> 0 | E60: {=SUMPRODUCT(--('2x2M'!C$31:C$48 = Standings!A60),--('2x2M'!I$31:I$48<'2x2M'!J$31:J$48))+SUMPRODUCT(--('2x2M'!D$31:D$48 = Standings!A60),--('2x2M'!I$31:I$48>'2x2M'!J$31:J$48))} -> 0 | F60: =+SUMIFS('2x2M'!I$31:J$48,'2x2M'!C$31:D$48,Standings!A60) -> 0 | G60: {=SUMPRODUCT(--('2x2M'!C$31:C$48=Standings!A60),'2x2M'!J$31:J$48)+SUMPRODUCT(--('2x2M'!D$31:D$48=Standings!A60),'2x2M'!I$31:I$48)} -> 0 | H60: =+C60*2+D60*1 -> 0 | I60: =+F60/G60 -> #DIV/0!
A63: Group D | B63: Games played | C63: Wins | D63: Tied | E63: Losses | F63: Points won | G63: Points lost | H63: Score | I63: Points quotient
A64: =+'2x2M'!D24 -> EFSA 1 | B64: {=SUMPRODUCT(--('2x2M'!C$31:C$48=Standings!A64),--('2x2M'!I$31:I$48<>""))+SUMPRODUCT(--('2x2M'!D$31:D$48=Standings!A64),--('2x2M'!J$31:J$48<>""))} -> 0 | C64: {=SUMPRODUCT(--('2x2M'!C$31:C$48 = Standings!A64),--('2x2M'!I$31:I$48>'2x2M'!J$31:J$48))+SUMPRODUCT(--('2x2M'!D$31:D$48 = Standings!A64),--('2x2M'!I$31:I$48<'2x2M'!J$31:J$48))} -> 0 | D64: =+B64-C64-E64 -> 0 | E64: {=SUMPRODUCT(--('2x2M'!C$31:C$48 = Standings!A64),--('2x2M'!I$31:I$48<'2x2M'!J$31:J$48))+SUMPRODUCT(--('2x2M'!D$31:D$48 = Standings!A64),--('2x2M'!I$31:I$48>'2x2M'!J$31:J$48))} -> 0 | F64: =+SUMIFS('2x2M'!I$31:J$48,'2x2M'!C$31:D$48,Standings!A64) -> 0 | G64: {=SUMPRODUCT(--('2x2M'!C$31:C$48=Standings!A64),'2x2M'!J$31:J$48)+SUMPRODUCT(--('2x2M'!D$31:D$48=Standings!A64),'2x2M'!I$31:I$48)} -> 0 | H64: =+C64*2+D64*1 -> 0 | I64: =+F64/G64 -> #DIV/0!
A65: =+'2x2M'!D25 -> Que farà Farà | B65: {=SUMPRODUCT(--('2x2M'!C$31:C$48=Standings!A65),--('2x2M'!I$31:I$48<>""))+SUMPRODUCT(--('2x2M'!D$31:D$48=Standings!A65),--('2x2M'!J$31:J$48<>""))} -> 0 | C65: {=SUMPRODUCT(--('2x2M'!C$31:C$48 = Standings!A65),--('2x2M'!I$31:I$48>'2x2M'!J$31:J$48))+SUMPRODUCT(--('2x2M'!D$31:D$48 = Standings!A65),--('2x2M'!I$31:I$48<'2x2M'!J$31:J$48))} -> 0 | D65: =+B65-C65-E65 -> 0 | E65: {=SUMPRODUCT(--('2x2M'!C$31:C$48 = Standings!A65),--('2x2M'!I$31:I$48<'2x2M'!J$31:J$48))+SUMPRODUCT(--('2x2M'!D$31:D$48 = Standings!A65),--('2x2M'!I$31:I$48>'2x2M'!J$31:J$48))} -> 0 | F65: =+SUMIFS('2x2M'!I$31:J$48,'2x2M'!C$31:D$48,Standings!A65) -> 0 | G65: {=SUMPRODUCT(--('2x2M'!C$31:C$48=Standings!A65),'2x2M'!J$31:J$48)+SUMPRODUCT(--('2x2M'!D$31:D$48=Standings!A65),'2x2M'!I$31:I$48)} -> 0 | H65: =+C65*2+D65*1 -> 0 | I65: =+F65/G65 -> #DIV/0!
A66: =+'2x2M'!D26 -> Dunaj & Wisla | B66: {=SUMPRODUCT(--('2x2M'!C$31:C$48=Standings!A66),--('2x2M'!I$31:I$48<>""))+SUMPRODUCT(--('2x2M'!D$31:D$48=Standings!A66),--('2x2M'!J$31:J$48<>""))} -> 0 | C66: {=SUMPRODUCT(--('2x2M'!C$31:C$48 = Standings!A66),--('2x2M'!I$31:I$48>'2x2M'!J$31:J$48))+SUMPRODUCT(--('2x2M'!D$31:D$48 = Standings!A66),--('2x2M'!I$31:I$48<'2x2M'!J$31:J$48))} -> 0 | D66: =+B66-C66-E66 -> 0 | E66: {=SUMPRODUCT(--('2x2M'!C$31:C$48 = Standings!A66),--('2x2M'!I$31:I$48<'2x2M'!J$31:J$48))+SUMPRODUCT(--('2x2M'!D$31:D$48 = Standings!A66),--('2x2M'!I$31:I$48>'2x2M'!J$31:J$48))} -> 0 | F66: =+SUMIFS('2x2M'!I$31:J$48,'2x2M'!C$31:D$48,Standings!A66) -> 0 | G66: {=SUMPRODUCT(--('2x2M'!C$31:C$48=Standings!A66),'2x2M'!J$31:J$48)+SUMPRODUCT(--('2x2M'!D$31:D$48=Standings!A66),'2x2M'!I$31:I$48)} -> 0 | H66: =+C66*2+D66*1 -> 0 | I66: =+F66/G66 -> #DIV/0!
A69: 2x2 F
A71: Group A | B71: Games played | C71: Wins | D71: Tied | E71: Losses | F71: Points won | G71: Points lost | H71: Score | I71: Points quotient
A72: =+'2x2F'!A21 -> ITAegean | B72: {=SUMPRODUCT(--('2x2F'!C$28:C$42=Standings!A72),--('2x2F'!I$28:I$42<>""))+SUMPRODUCT(--('2x2F'!D$28:D$42=Standings!A72),--('2x2F'!J$28:J$42<>""))} -> 0 | C72: {=SUMPRODUCT(--('2x2F'!C$28:C$42 = Standings!A72),--('2x2F'!I$28:I$42>'2x2F'!J$28:J$42))+SUMPRODUCT(--('2x2F'!D$28:D$42 = Standings!A72),--('2x2F'!I$28:I$42<'2x2F'!J$28:J$42))} -> 0 | D72: =+B72-C72-E72 -> 0 | E72: {=SUMPRODUCT(--('2x2F'!C$28:C$42 = Standings!A72),--('2x2F'!I$28:I$42<'2x2F'!J$28:J$42))+SUMPRODUCT(--('2x2F'!D$28:D$42 = Standings!A72),--('2x2F'!I$28:I$42>'2x2F'!J$28:J$42))} -> 0 | F72: =+SUMIFS('2x2F'!I$28:J$42,'2x2F'!C$28:D$42,Standings!A72) -> 0 | G72: {=SUMPRODUCT(--('2x2F'!C$28:C$42=Standings!A72),'2x2F'!J$28:J$42)+SUMPRODUCT(--('2x2F'!D$28:D$42=Standings!A72),'2x2F'!I$28:I$42)} -> 0 | H72: =(C72*2+D72*1)*2/3 -> 0 | I72: =+F72/G72 -> #DIV/0!
A73: =+'2x2F'!A22 -> Nanook | B73: {=SUMPRODUCT(--('2x2F'!C$28:C$42=Standings!A73),--('2x2F'!I$28:I$42<>""))+SUMPRODUCT(--('2x2F'!D$28:D$42=Standings!A73),--('2x2F'!J$28:J$42<>""))} -> 0 | C73: {=SUMPRODUCT(--('2x2F'!C$28:C$42 = Standings!A73),--('2x2F'!I$28:I$42>'2x2F'!J$28:J$42))+SUMPRODUCT(--('2x2F'!D$28:D$42 = Standings!A73),--('2x2F'!I$28:I$42<'2x2F'!J$28:J$42))} -> 0 | D73: =+B73-C73-E73 -> 0 | E73: {=SUMPRODUCT(--('2x2F'!C$28:C$42 = Standings!A73),--('2x2F'!I$28:I$42<'2x2F'!J$28:J$42))+SUMPRODUCT(--('2x2F'!D$28:D$42 = Standings!A73),--('2x2F'!I$28:I$42>'2x2F'!J$28:J$42))} -> 0 | F73: =+SUMIFS('2x2F'!I$28:J$42,'2x2F'!C$28:D$42,Standings!A73) -> 0 | G73: {=SUMPRODUCT(--('2x2F'!C$28:C$42=Standings!A73),'2x2F'!J$28:J$42)+SUMPRODUCT(--('2x2F'!D$28:D$42=Standings!A73),'2x2F'!I$28:I$42)} -> 0 | H73: =(C73*2+D73*1)*2/3 -> 0 | I73: =+F73/G73 -> #DIV/0!
A74: =+'2x2F'!A23 -> Pastizzi Patrol | B74: {=SUMPRODUCT(--('2x2F'!C$28:C$42=Standings!A74),--('2x2F'!I$28:I$42<>""))+SUMPRODUCT(--('2x2F'!D$28:D$42=Standings!A74),--('2x2F'!J$28:J$42<>""))} -> 0 | C74: {=SUMPRODUCT(--('2x2F'!C$28:C$42 = Standings!A74),--('2x2F'!I$28:I$42>'2x2F'!J$28:J$42))+SUMPRODUCT(--('2x2F'!D$28:D$42 = Standings!A74),--('2x2F'!I$28:I$42<'2x2F'!J$28:J$42))} -> 0 | D74: =+B74-C74-E74 -> 0 | E74: {=SUMPRODUCT(--('2x2F'!C$28:C$42 = Standings!A74),--('2x2F'!I$28:I$42<'2x2F'!J$28:J$42))+SUMPRODUCT(--('2x2F'!D$28:D$42 = Standings!A74),--('2x2F'!I$28:I$42>'2x2F'!J$28:J$42))} -> 0 | F74: =+SUMIFS('2x2F'!I$28:J$42,'2x2F'!C$28:D$42,Standings!A74) -> 0 | G74: {=SUMPRODUCT(--('2x2F'!C$28:C$42=Standings!A74),'2x2F'!J$28:J$42)+SUMPRODUCT(--('2x2F'!D$28:D$42=Standings!A74),'2x2F'!I$28:I$42)} -> 0 | H74: =(C74*2+D74*1)*2/3 -> 0 | I74: =+F74/G74 -> #DIV/0!
A75: =+'2x2F'!A24 -> Disaqueens | B75: {=SUMPRODUCT(--('2x2F'!C$28:C$42=Standings!A75),--('2x2F'!I$28:I$42<>""))+SUMPRODUCT(--('2x2F'!D$28:D$42=Standings!A75),--('2x2F'!J$28:J$42<>""))} -> 0 | C75: {=SUMPRODUCT(--('2x2F'!C$28:C$42 = Standings!A75),--('2x2F'!I$28:I$42>'2x2F'!J$28:J$42))+SUMPRODUCT(--('2x2F'!D$28:D$42 = Standings!A75),--('2x2F'!I$28:I$42<'2x2F'!J$28:J$42))} -> 0 | D75: =+B75-C75-E75 -> 0 | E75: {=SUMPRODUCT(--('2x2F'!C$28:C$42 = Standings!A75),--('2x2F'!I$28:I$42<'2x2F'!J$28:J$42))+SUMPRODUCT(--('2x2F'!D$28:D$42 = Standings!A75),--('2x2F'!I$28:I$42>'2x2F'!J$28:J$42))} -> 0 | F75: =+SUMIFS('2x2F'!I$28:J$42,'2x2F'!C$28:D$42,Standings!A75) -> 0 | G75: {=SUMPRODUCT(--('2x2F'!C$28:C$42=Standings!A75),'2x2F'!J$28:J$42)+SUMPRODUCT(--('2x2F'!D$28:D$42=Standings!A75),'2x2F'!I$28:I$42)} -> 0 | H75: =(C75*2+D75*1)*2/3 -> 0 | I75: =+F75/G75 -> #DIV/0!
A78: Group B | B78: Games played | C78: Wins | D78: Tied | E78: Losses | F78: Points won | G78: Points lost | H78: Score | I78: Points quotient
A79: =+'2x2F'!B21 -> MURO ! | B79: {=SUMPRODUCT(--('2x2F'!C$28:C$42=Standings!A79),--('2x2F'!I$28:I$42<>""))+SUMPRODUCT(--('2x2F'!D$28:D$42=Standings!A79),--('2x2F'!J$28:J$42<>""))} -> 0 | C79: {=SUMPRODUCT(--('2x2F'!C$28:C$42 = Standings!A79),--('2x2F'!I$28:I$42>'2x2F'!J$28:J$42))+SUMPRODUCT(--('2x2F'!D$28:D$42 = Standings!A79),--('2x2F'!I$28:I$42<'2x2F'!J$28:J$42))} -> 0 | D79: =+B79-C79-E79 -> 0 | E79: {=SUMPRODUCT(--('2x2F'!C$28:C$42 = Standings!A79),--('2x2F'!I$28:I$42<'2x2F'!J$28:J$42))+SUMPRODUCT(--('2x2F'!D$28:D$42 = Standings!A79),--('2x2F'!I$28:I$42>'2x2F'!J$28:J$42))} -> 0 | F79: =+SUMIFS('2x2F'!I$28:J$42,'2x2F'!C$28:D$42,Standings!A79) -> 0 | G79: {=SUMPRODUCT(--('2x2F'!C$28:C$42=Standings!A79),'2x2F'!J$28:J$42)+SUMPRODUCT(--('2x2F'!D$28:D$42=Standings!A79),'2x2F'!I$28:I$42)} -> 0 | H79: =2*(C79*2+D79*1)/3 -> 0 | I79: =+F79/G79 -> #DIV/0!
A80: =+'2x2F'!B22 -> EFSA 7 | B80: {=SUMPRODUCT(--('2x2F'!C$28:C$42=Standings!A80),--('2x2F'!I$28:I$42<>""))+SUMPRODUCT(--('2x2F'!D$28:D$42=Standings!A80),--('2x2F'!J$28:J$42<>""))} -> 0 | C80: {=SUMPRODUCT(--('2x2F'!C$28:C$42 = Standings!A80),--('2x2F'!I$28:I$42>'2x2F'!J$28:J$42))+SUMPRODUCT(--('2x2F'!D$28:D$42 = Standings!A80),--('2x2F'!I$28:I$42<'2x2F'!J$28:J$42))} -> 0 | D80: =+B80-C80-E80 -> 0 | E80: {=SUMPRODUCT(--('2x2F'!C$28:C$42 = Standings!A80),--('2x2F'!I$28:I$42<'2x2F'!J$28:J$42))+SUMPRODUCT(--('2x2F'!D$28:D$42 = Standings!A80),--('2x2F'!I$28:I$42>'2x2F'!J$28:J$42))} -> 0 | F80: =+SUMIFS('2x2F'!I$28:J$42,'2x2F'!C$28:D$42,Standings!A80) -> 0 | G80: {=SUMPRODUCT(--('2x2F'!C$28:C$42=Standings!A80),'2x2F'!J$28:J$42)+SUMPRODUCT(--('2x2F'!D$28:D$42=Standings!A80),'2x2F'!I$28:I$42)} -> 0 | H80: =2*(C80*2+D80*1)/3 -> 0 | I80: =+F80/G80 -> #DIV/0!
A81: =+'2x2F'!B23 -> Barrakka Gardeners | B81: {=SUMPRODUCT(--('2x2F'!C$28:C$42=Standings!A81),--('2x2F'!I$28:I$42<>""))+SUMPRODUCT(--('2x2F'!D$28:D$42=Standings!A81),--('2x2F'!J$28:J$42<>""))} -> 0 | C81: {=SUMPRODUCT(--('2x2F'!C$28:C$42 = Standings!A81),--('2x2F'!I$28:I$42>'2x2F'!J$28:J$42))+SUMPRODUCT(--('2x2F'!D$28:D$42 = Standings!A81),--('2x2F'!I$28:I$42<'2x2F'!J$28:J$42))} -> 0 | D81: =+B81-C81-E81 -> 0 | E81: {=SUMPRODUCT(--('2x2F'!C$28:C$42 = Standings!A81),--('2x2F'!I$28:I$42<'2x2F'!J$28:J$42))+SUMPRODUCT(--('2x2F'!D$28:D$42 = Standings!A81),--('2x2F'!I$28:I$42>'2x2F'!J$28:J$42))} -> 0 | F81: =+SUMIFS('2x2F'!I$28:J$42,'2x2F'!C$28:D$42,Standings!A81) -> 0 | G81: {=SUMPRODUCT(--('2x2F'!C$28:C$42=Standings!A81),'2x2F'!J$28:J$42)+SUMPRODUCT(--('2x2F'!D$28:D$42=Standings!A81),'2x2F'!I$28:I$42)} -> 0 | H81: =2*(C81*2+D81*1)/3 -> 0 | I81: =+F81/G81 -> #DIV/0!
A82: =+'2x2F'!B24 -> JRC 12 | B82: {=SUMPRODUCT(--('2x2F'!C$28:C$42=Standings!A82),--('2x2F'!I$28:I$42<>""))+SUMPRODUCT(--('2x2F'!D$28:D$42=Standings!A82),--('2x2F'!J$28:J$42<>""))} -> 0 | C82: {=SUMPRODUCT(--('2x2F'!C$28:C$42 = Standings!A82),--('2x2F'!I$28:I$42>'2x2F'!J$28:J$42))+SUMPRODUCT(--('2x2F'!D$28:D$42 = Standings!A82),--('2x2F'!I$28:I$42<'2x2F'!J$28:J$42))} -> 0 | D82: =+B82-C82-E82 -> 0 | E82: {=SUMPRODUCT(--('2x2F'!C$28:C$42 = Standings!A82),--('2x2F'!I$28:I$42<'2x2F'!J$28:J$42))+SUMPRODUCT(--('2x2F'!D$28:D$42 = Standings!A82),--('2x2F'!I$28:I$42>'2x2F'!J$28:J$42))} -> 0 | F82: =+SUMIFS('2x2F'!I$28:J$42,'2x2F'!C$28:D$42,Standings!A82) -> 0 | G82: {=SUMPRODUCT(--('2x2F'!C$28:C$42=Standings!A82),'2x2F'!J$28:J$42)+SUMPRODUCT(--('2x2F'!D$28:D$42=Standings!A82),'2x2F'!I$28:I$42)} -> 0 | H82: =2*(C82*2+D82*1)/3 -> 0 | I82: =+F82/G82 -> #DIV/0!
A84: Group C | B84: Games played | C84: Wins | D84: Tied | E84: Losses | F84: Points won | G84: Points lost | H84: Score | I84: Points quotient
A85: =+'2x2F'!C21 -> FedAle | B85: {=SUMPRODUCT(--('2x2F'!C$28:C$42=Standings!A85),--('2x2F'!I$28:I$42<>""))+SUMPRODUCT(--('2x2F'!D$28:D$42=Standings!A85),--('2x2F'!J$28:J$42<>""))} -> 0 | C85: {=SUMPRODUCT(--('2x2F'!C$28:C$42 = Standings!A85),--('2x2F'!I$28:I$42>'2x2F'!J$28:J$42))+SUMPRODUCT(--('2x2F'!D$28:D$42 = Standings!A85),--('2x2F'!I$28:I$42<'2x2F'!J$28:J$42))} -> 0 | D85: =+B85-C85-E85 -> 0 | E85: {=SUMPRODUCT(--('2x2F'!C$28:C$42 = Standings!A85),--('2x2F'!I$28:I$42<'2x2F'!J$28:J$42))+SUMPRODUCT(--('2x2F'!D$28:D$42 = Standings!A85),--('2x2F'!I$28:I$42>'2x2F'!J$28:J$42))} -> 0 | F85: =+SUMIFS('2x2F'!I$28:J$42,'2x2F'!C$28:D$42,Standings!A85) -> 0 | G85: {=SUMPRODUCT(--('2x2F'!C$28:C$42=Standings!A85),'2x2F'!J$28:J$42)+SUMPRODUCT(--('2x2F'!D$28:D$42=Standings!A85),'2x2F'!I$28:I$42)} -> 0 | H85: =+C85*2+D85*1 -> 0 | I85: =+F85/G85 -> #DIV/0!
A86: =+'2x2F'!C22 -> Blue Lagoon Spritz | B86: {=SUMPRODUCT(--('2x2F'!C$28:C$42=Standings!A86),--('2x2F'!I$28:I$42<>""))+SUMPRODUCT(--('2x2F'!D$28:D$42=Standings!A86),--('2x2F'!J$28:J$42<>""))} -> 0 | C86: {=SUMPRODUCT(--('2x2F'!C$28:C$42 = Standings!A86),--('2x2F'!I$28:I$42>'2x2F'!J$28:J$42))+SUMPRODUCT(--('2x2F'!D$28:D$42 = Standings!A86),--('2x2F'!I$28:I$42<'2x2F'!J$28:J$42))} -> 0 | D86: =+B86-C86-E86 -> 0 | E86: {=SUMPRODUCT(--('2x2F'!C$28:C$42 = Standings!A86),--('2x2F'!I$28:I$42<'2x2F'!J$28:J$42))+SUMPRODUCT(--('2x2F'!D$28:D$42 = Standings!A86),--('2x2F'!I$28:I$42>'2x2F'!J$28:J$42))} -> 0 | F86: =+SUMIFS('2x2F'!I$28:J$42,'2x2F'!C$28:D$42,Standings!A86) -> 0 | G86: {=SUMPRODUCT(--('2x2F'!C$28:C$42=Standings!A86),'2x2F'!J$28:J$42)+SUMPRODUCT(--('2x2F'!D$28:D$42=Standings!A86),'2x2F'!I$28:I$42)} -> 0 | H86: =+C86*2+D86*1 -> 0 | I86: =+F86/G86 -> #DIV/0!
A87: =+'2x2F'!C23 -> EUROPOL F | B87: {=SUMPRODUCT(--('2x2F'!C$28:C$42=Standings!A87),--('2x2F'!I$28:I$42<>""))+SUMPRODUCT(--('2x2F'!D$28:D$42=Standings!A87),--('2x2F'!J$28:J$42<>""))} -> 0 | C87: {=SUMPRODUCT(--('2x2F'!C$28:C$42 = Standings!A87),--('2x2F'!I$28:I$42>'2x2F'!J$28:J$42))+SUMPRODUCT(--('2x2F'!D$28:D$42 = Standings!A87),--('2x2F'!I$28:I$42<'2x2F'!J$28:J$42))} -> 0 | D87: =+B87-C87-E87 -> 0 | E87: {=SUMPRODUCT(--('2x2F'!C$28:C$42 = Standings!A87),--('2x2F'!I$28:I$42<'2x2F'!J$28:J$42))+SUMPRODUCT(--('2x2F'!D$28:D$42 = Standings!A87),--('2x2F'!I$28:I$42>'2x2F'!J$28:J$42))} -> 0 | F87: =+SUMIFS('2x2F'!I$28:J$42,'2x2F'!C$28:D$42,Standings!A87) -> 0 | G87: {=SUMPRODUCT(--('2x2F'!C$28:C$42=Standings!A87),'2x2F'!J$28:J$42)+SUMPRODUCT(--('2x2F'!D$28:D$42=Standings!A87),'2x2F'!I$28:I$42)} -> 0 | H87: =+C87*2+D87*1 -> 0 | I87: =+F87/G87 -> #DIV/0!
A91: 4x4 Mix
A93: Group A | B93: Games played | C93: Wins | D93: Tied | E93: Losses | F93: Points won | G93: Points lost | H93: Score | I93: Points quotient
A94: =+'4x4 MIX'!A23 -> EUIPO 5 | B94: {=SUMPRODUCT(--('4x4 MIX'!C$29:C$43=Standings!A94),--('4x4 MIX'!I$29:I$43<>""))+SUMPRODUCT(--('4x4 MIX'!D$29:D$43=Standings!A94),--('4x4 MIX'!J$29:J$43<>""))} -> 0 | C94: {=SUMPRODUCT(--('4x4 MIX'!C$29:C$43 = Standings!A94),--('4x4 MIX'!I$29:I$43>'4x4 MIX'!J$29:J$43))+SUMPRODUCT(--('4x4 MIX'!D$29:D$43 = Standings!A94),--('4x4 MIX'!I$29:I$43<'4x4 MIX'!J$29:J$43))} -> 0 | D94: =+B94-C94-E94 -> 0 | E94: {=SUMPRODUCT(--('4x4 MIX'!C$29:C$43 = Standings!A94),--('4x4 MIX'!I$29:I$43<'4x4 MIX'!J$29:J$43))+SUMPRODUCT(--('4x4 MIX'!D$29:D$43 = Standings!A94),--('4x4 MIX'!I$29:I$43>'4x4 MIX'!J$29:J$43))} -> 0 | F94: =+SUMIFS('4x4 MIX'!I$29:J$43,'4x4 MIX'!C$29:D$43,Standings!A94) -> 0 | G94: {=SUMPRODUCT(--('4x4 MIX'!C$29:C$43=Standings!A94),'4x4 MIX'!J$29:J$43)+SUMPRODUCT(--('4x4 MIX'!D$29:D$43=Standings!A94),'4x4 MIX'!I$29:I$43)} -> 0 | H94: =+C94*2+D94*1 -> 0 | I94: =+F94/G94 -> #DIV/0!
A95: =+'4x4 MIX'!A24 -> EFSA 6 | B95: {=SUMPRODUCT(--('4x4 MIX'!C$29:C$43=Standings!A95),--('4x4 MIX'!I$29:I$43<>""))+SUMPRODUCT(--('4x4 MIX'!D$29:D$43=Standings!A95),--('4x4 MIX'!J$29:J$43<>""))} -> 0 | C95: {=SUMPRODUCT(--('4x4 MIX'!C$29:C$43 = Standings!A95),--('4x4 MIX'!I$29:I$43>'4x4 MIX'!J$29:J$43))+SUMPRODUCT(--('4x4 MIX'!D$29:D$43 = Standings!A95),--('4x4 MIX'!I$29:I$43<'4x4 MIX'!J$29:J$43))} -> 0 | D95: =+B95-C95-E95 -> 0 | E95: {=SUMPRODUCT(--('4x4 MIX'!C$29:C$43 = Standings!A95),--('4x4 MIX'!I$29:I$43<'4x4 MIX'!J$29:J$43))+SUMPRODUCT(--('4x4 MIX'!D$29:D$43 = Standings!A95),--('4x4 MIX'!I$29:I$43>'4x4 MIX'!J$29:J$43))} -> 0 | F95: =+SUMIFS('4x4 MIX'!I$29:J$43,'4x4 MIX'!C$29:D$43,Standings!A95) -> 0 | G95: {=SUMPRODUCT(--('4x4 MIX'!C$29:C$43=Standings!A95),'4x4 MIX'!J$29:J$43)+SUMPRODUCT(--('4x4 MIX'!D$29:D$43=Standings!A95),'4x4 MIX'!I$29:I$43)} -> 0 | H95: =+C95*2+D95*1 -> 0 | I95: =+F95/G95 -> #DIV/0!
A96: =+'4x4 MIX'!A25 -> Horizon setters | B96: {=SUMPRODUCT(--('4x4 MIX'!C$29:C$43=Standings!A96),--('4x4 MIX'!I$29:I$43<>""))+SUMPRODUCT(--('4x4 MIX'!D$29:D$43=Standings!A96),--('4x4 MIX'!J$29:J$43<>""))} -> 0 | C96: {=SUMPRODUCT(--('4x4 MIX'!C$29:C$43 = Standings!A96),--('4x4 MIX'!I$29:I$43>'4x4 MIX'!J$29:J$43))+SUMPRODUCT(--('4x4 MIX'!D$29:D$43 = Standings!A96),--('4x4 MIX'!I$29:I$43<'4x4 MIX'!J$29:J$43))} -> 0 | D96: =+B96-C96-E96 -> 0 | E96: {=SUMPRODUCT(--('4x4 MIX'!C$29:C$43 = Standings!A96),--('4x4 MIX'!I$29:I$43<'4x4 MIX'!J$29:J$43))+SUMPRODUCT(--('4x4 MIX'!D$29:D$43 = Standings!A96),--('4x4 MIX'!I$29:I$43>'4x4 MIX'!J$29:J$43))} -> 0 | F96: =+SUMIFS('4x4 MIX'!I$29:J$43,'4x4 MIX'!C$29:D$43,Standings!A96) -> 0 | G96: {=SUMPRODUCT(--('4x4 MIX'!C$29:C$43=Standings!A96),'4x4 MIX'!J$29:J$43)+SUMPRODUCT(--('4x4 MIX'!D$29:D$43=Standings!A96),'4x4 MIX'!I$29:I$43)} -> 0 | H96: =+C96*2+D96*1 -> 0 | I96: =+F96/G96 -> #DIV/0!
A100: Group B | B100: Games played | C100: Wins | D100: Tied | E100: Losses | F100: Points won | G100: Points lost | H100: Score | I100: Points quotient
A101: =+'4x4 MIX'!B23 -> Dandy Dandelions | B101: {=SUMPRODUCT(--('4x4 MIX'!C$29:C$43=Standings!A101),--('4x4 MIX'!I$29:I$43<>""))+SUMPRODUCT(--('4x4 MIX'!D$29:D$43=Standings!A101),--('4x4 MIX'!J$29:J$43<>""))} -> 0 | C101: {=SUMPRODUCT(--('4x4 MIX'!C$29:C$43 = Standings!A101),--('4x4 MIX'!I$29:I$43>'4x4 MIX'!J$29:J$43))+SUMPRODUCT(--('4x4 MIX'!D$29:D$43 = Standings!A101),--('4x4 MIX'!I$29:I$43<'4x4 MIX'!J$29:J$43))} -> 0 | D101: =+B101-C101-E101 -> 0 | E101: {=SUMPRODUCT(--('4x4 MIX'!C$29:C$43 = Standings!A101),--('4x4 MIX'!I$29:I$43<'4x4 MIX'!J$29:J$43))+SUMPRODUCT(--('4x4 MIX'!D$29:D$43 = Standings!A101),--('4x4 MIX'!I$29:I$43>'4x4 MIX'!J$29:J$43))} -> 0 | F101: =+SUMIFS('4x4 MIX'!I$29:J$43,'4x4 MIX'!C$29:D$43,Standings!A101) -> 0 | G101: {=SUMPRODUCT(--('4x4 MIX'!C$29:C$43=Standings!A101),'4x4 MIX'!J$29:J$43)+SUMPRODUCT(--('4x4 MIX'!D$29:D$43=Standings!A101),'4x4 MIX'!I$29:I$43)} -> 0 | H101: =+C101*2+D101*1 -> 0 | I101: =+F101/G101 -> #DIV/0!
A102: =+'4x4 MIX'!B24 -> House of Medici | B102: {=SUMPRODUCT(--('4x4 MIX'!C$29:C$43=Standings!A102),--('4x4 MIX'!I$29:I$43<>""))+SUMPRODUCT(--('4x4 MIX'!D$29:D$43=Standings!A102),--('4x4 MIX'!J$29:J$43<>""))} -> 0 | C102: {=SUMPRODUCT(--('4x4 MIX'!C$29:C$43 = Standings!A102),--('4x4 MIX'!I$29:I$43>'4x4 MIX'!J$29:J$43))+SUMPRODUCT(--('4x4 MIX'!D$29:D$43 = Standings!A102),--('4x4 MIX'!I$29:I$43<'4x4 MIX'!J$29:J$43))} -> 0 | D102: =+B102-C102-E102 -> 0 | E102: {=SUMPRODUCT(--('4x4 MIX'!C$29:C$43 = Standings!A102),--('4x4 MIX'!I$29:I$43<'4x4 MIX'!J$29:J$43))+SUMPRODUCT(--('4x4 MIX'!D$29:D$43 = Standings!A102),--('4x4 MIX'!I$29:I$43>'4x4 MIX'!J$29:J$43))} -> 0 | F102: =+SUMIFS('4x4 MIX'!I$29:J$43,'4x4 MIX'!C$29:D$43,Standings!A102) -> 0 | G102: {=SUMPRODUCT(--('4x4 MIX'!C$29:C$43=Standings!A102),'4x4 MIX'!J$29:J$43)+SUMPRODUCT(--('4x4 MIX'!D$29:D$43=Standings!A102),'4x4 MIX'!I$29:I$43)} -> 0 | H102: =+C102*2+D102*1 -> 0 | I102: =+F102/G102 -> #DIV/0!
A103: =+'4x4 MIX'!B25 -> REALL | B103: {=SUMPRODUCT(--('4x4 MIX'!C$29:C$43=Standings!A103),--('4x4 MIX'!I$29:I$43<>""))+SUMPRODUCT(--('4x4 MIX'!D$29:D$43=Standings!A103),--('4x4 MIX'!J$29:J$43<>""))} -> 0 | C103: {=SUMPRODUCT(--('4x4 MIX'!C$29:C$43 = Standings!A103),--('4x4 MIX'!I$29:I$43>'4x4 MIX'!J$29:J$43))+SUMPRODUCT(--('4x4 MIX'!D$29:D$43 = Standings!A103),--('4x4 MIX'!I$29:I$43<'4x4 MIX'!J$29:J$43))} -> 0 | D103: =+B103-C103-E103 -> 0 | E103: {=SUMPRODUCT(--('4x4 MIX'!C$29:C$43 = Standings!A103),--('4x4 MIX'!I$29:I$43<'4x4 MIX'!J$29:J$43))+SUMPRODUCT(--('4x4 MIX'!D$29:D$43 = Standings!A103),--('4x4 MIX'!I$29:I$43>'4x4 MIX'!J$29:J$43))} -> 0 | F103: =+SUMIFS('4x4 MIX'!I$29:J$43,'4x4 MIX'!C$29:D$43,Standings!A103) -> 0 | G103: {=SUMPRODUCT(--('4x4 MIX'!C$29:C$43=Standings!A103),'4x4 MIX'!J$29:J$43)+SUMPRODUCT(--('4x4 MIX'!D$29:D$43=Standings!A103),'4x4 MIX'!I$29:I$43)} -> 0 | H103: =+C103*2+D103*1 -> 0 | I103: =+F103/G103 -> #DIV/0!
A106: Group C | B106: Games played | C106: Wins | D106: Tied | E106: Losses | F106: Points won | G106: Points lost | H106: Score | I106: Points quotient
A107: =+'4x4 MIX'!C23 -> Aperol | B107: {=SUMPRODUCT(--('4x4 MIX'!C$29:C$43=Standings!A107),--('4x4 MIX'!I$29:I$43<>""))+SUMPRODUCT(--('4x4 MIX'!D$29:D$43=Standings!A107),--('4x4 MIX'!J$29:J$43<>""))} -> 0 | C107: {=SUMPRODUCT(--('4x4 MIX'!C$29:C$43 = Standings!A107),--('4x4 MIX'!I$29:I$43>'4x4 MIX'!J$29:J$43))+SUMPRODUCT(--('4x4 MIX'!D$29:D$43 = Standings!A107),--('4x4 MIX'!I$29:I$43<'4x4 MIX'!J$29:J$43))} -> 0 | D107: =+B107-C107-E107 -> 0 | E107: {=SUMPRODUCT(--('4x4 MIX'!C$29:C$43 = Standings!A107),--('4x4 MIX'!I$29:I$43<'4x4 MIX'!J$29:J$43))+SUMPRODUCT(--('4x4 MIX'!D$29:D$43 = Standings!A107),--('4x4 MIX'!I$29:I$43>'4x4 MIX'!J$29:J$43))} -> 0 | F107: =+SUMIFS('4x4 MIX'!I$29:J$43,'4x4 MIX'!C$29:D$43,Standings!A107) -> 0 | G107: {=SUMPRODUCT(--('4x4 MIX'!C$29:C$43=Standings!A107),'4x4 MIX'!J$29:J$43)+SUMPRODUCT(--('4x4 MIX'!D$29:D$43=Standings!A107),'4x4 MIX'!I$29:I$43)} -> 0 | H107: =+C107*2+D107*1 -> 0 | I107: =+F107/G107 -> #DIV/0!
A108: =+'4x4 MIX'!C24 -> EUAA Comets | B108: {=SUMPRODUCT(--('4x4 MIX'!C$29:C$43=Standings!A108),--('4x4 MIX'!I$29:I$43<>""))+SUMPRODUCT(--('4x4 MIX'!D$29:D$43=Standings!A108),--('4x4 MIX'!J$29:J$43<>""))} -> 0 | C108: {=SUMPRODUCT(--('4x4 MIX'!C$29:C$43 = Standings!A108),--('4x4 MIX'!I$29:I$43>'4x4 MIX'!J$29:J$43))+SUMPRODUCT(--('4x4 MIX'!D$29:D$43 = Standings!A108),--('4x4 MIX'!I$29:I$43<'4x4 MIX'!J$29:J$43))} -> 0 | D108: =+B108-C108-E108 -> 0 | E108: {=SUMPRODUCT(--('4x4 MIX'!C$29:C$43 = Standings!A108),--('4x4 MIX'!I$29:I$43<'4x4 MIX'!J$29:J$43))+SUMPRODUCT(--('4x4 MIX'!D$29:D$43 = Standings!A108),--('4x4 MIX'!I$29:I$43>'4x4 MIX'!J$29:J$43))} -> 0 | F108: =+SUMIFS('4x4 MIX'!I$29:J$43,'4x4 MIX'!C$29:D$43,Standings!A108) -> 0 | G108: {=SUMPRODUCT(--('4x4 MIX'!C$29:C$43=Standings!A108),'4x4 MIX'!J$29:J$43)+SUMPRODUCT(--('4x4 MIX'!D$29:D$43=Standings!A108),'4x4 MIX'!I$29:I$43)} -> 0 | H108: =+C108*2+D108*1 -> 0 | I108: =+F108/G108 -> #DIV/0!
A109: =+'4x4 MIX'!C25 -> Che fastidio | B109: {=SUMPRODUCT(--('4x4 MIX'!C$29:C$43=Standings!A109),--('4x4 MIX'!I$29:I$43<>""))+SUMPRODUCT(--('4x4 MIX'!D$29:D$43=Standings!A109),--('4x4 MIX'!J$29:J$43<>""))} -> 0 | C109: {=SUMPRODUCT(--('4x4 MIX'!C$29:C$43 = Standings!A109),--('4x4 MIX'!I$29:I$43>'4x4 MIX'!J$29:J$43))+SUMPRODUCT(--('4x4 MIX'!D$29:D$43 = Standings!A109),--('4x4 MIX'!I$29:I$43<'4x4 MIX'!J$29:J$43))} -> 0 | D109: =+B109-C109-E109 -> 0 | E109: {=SUMPRODUCT(--('4x4 MIX'!C$29:C$43 = Standings!A109),--('4x4 MIX'!I$29:I$43<'4x4 MIX'!J$29:J$43))+SUMPRODUCT(--('4x4 MIX'!D$29:D$43 = Standings!A109),--('4x4 MIX'!I$29:I$43>'4x4 MIX'!J$29:J$43))} -> 0 | F109: =+SUMIFS('4x4 MIX'!I$29:J$43,'4x4 MIX'!C$29:D$43,Standings!A109) -> 0 | G109: {=SUMPRODUCT(--('4x4 MIX'!C$29:C$43=Standings!A109),'4x4 MIX'!J$29:J$43)+SUMPRODUCT(--('4x4 MIX'!D$29:D$43=Standings!A109),'4x4 MIX'!I$29:I$43)} -> 0 | H109: =+C109*2+D109*1 -> 0 | I109: =+F109/G109 -> #DIV/0!
A112: Group D | B112: Games played | C112: Wins | D112: Tied | E112: Losses | F112: Points won | G112: Points lost | H112: Score | I112: Points quotient
A113: =+'4x4 MIX'!D23 -> Ferwanek | B113: {=SUMPRODUCT(--('4x4 MIX'!C$29:C$43=Standings!A113),--('4x4 MIX'!I$29:I$43<>""))+SUMPRODUCT(--('4x4 MIX'!D$29:D$43=Standings!A113),--('4x4 MIX'!J$29:J$43<>""))} -> 0 | C113: {=SUMPRODUCT(--('4x4 MIX'!C$29:C$43 = Standings!A113),--('4x4 MIX'!I$29:I$43>'4x4 MIX'!J$29:J$43))+SUMPRODUCT(--('4x4 MIX'!D$29:D$43 = Standings!A113),--('4x4 MIX'!I$29:I$43<'4x4 MIX'!J$29:J$43))} -> 0 | D113: =+B113-C113-E113 -> 0 | E113: {=SUMPRODUCT(--('4x4 MIX'!C$29:C$43 = Standings!A113),--('4x4 MIX'!I$29:I$43<'4x4 MIX'!J$29:J$43))+SUMPRODUCT(--('4x4 MIX'!D$29:D$43 = Standings!A113),--('4x4 MIX'!I$29:I$43>'4x4 MIX'!J$29:J$43))} -> 0 | F113: =+SUMIFS('4x4 MIX'!I$29:J$43,'4x4 MIX'!C$29:D$43,Standings!A113) -> 0 | G113: {=SUMPRODUCT(--('4x4 MIX'!C$29:C$43=Standings!A113),'4x4 MIX'!J$29:J$43)+SUMPRODUCT(--('4x4 MIX'!D$29:D$43=Standings!A113),'4x4 MIX'!I$29:I$43)} -> 0 | H113: =+C113*2+D113*1 -> 0 | I113: =+F113/G113 -> #DIV/0!
A114: =+'4x4 MIX'!D24 -> Mela Blinders | B114: {=SUMPRODUCT(--('4x4 MIX'!C$29:C$43=Standings!A114),--('4x4 MIX'!I$29:I$43<>""))+SUMPRODUCT(--('4x4 MIX'!D$29:D$43=Standings!A114),--('4x4 MIX'!J$29:J$43<>""))} -> 0 | C114: {=SUMPRODUCT(--('4x4 MIX'!C$29:C$43 = Standings!A114),--('4x4 MIX'!I$29:I$43>'4x4 MIX'!J$29:J$43))+SUMPRODUCT(--('4x4 MIX'!D$29:D$43 = Standings!A114),--('4x4 MIX'!I$29:I$43<'4x4 MIX'!J$29:J$43))} -> 0 | D114: =+B114-C114-E114 -> 0 | E114: {=SUMPRODUCT(--('4x4 MIX'!C$29:C$43 = Standings!A114),--('4x4 MIX'!I$29:I$43<'4x4 MIX'!J$29:J$43))+SUMPRODUCT(--('4x4 MIX'!D$29:D$43 = Standings!A114),--('4x4 MIX'!I$29:I$43>'4x4 MIX'!J$29:J$43))} -> 0 | F114: =+SUMIFS('4x4 MIX'!I$29:J$43,'4x4 MIX'!C$29:D$43,Standings!A114) -> 0 | G114: {=SUMPRODUCT(--('4x4 MIX'!C$29:C$43=Standings!A114),'4x4 MIX'!J$29:J$43)+SUMPRODUCT(--('4x4 MIX'!D$29:D$43=Standings!A114),'4x4 MIX'!I$29:I$43)} -> 0 | H114: =+C114*2+D114*1 -> 0 | I114: =+F114/G114 -> #DIV/0!
A115: =+'4x4 MIX'!D25 -> Sand by me | B115: {=SUMPRODUCT(--('4x4 MIX'!C$29:C$43=Standings!A115),--('4x4 MIX'!I$29:I$43<>""))+SUMPRODUCT(--('4x4 MIX'!D$29:D$43=Standings!A115),--('4x4 MIX'!J$29:J$43<>""))} -> 0 | C115: {=SUMPRODUCT(--('4x4 MIX'!C$29:C$43 = Standings!A115),--('4x4 MIX'!I$29:I$43>'4x4 MIX'!J$29:J$43))+SUMPRODUCT(--('4x4 MIX'!D$29:D$43 = Standings!A115),--('4x4 MIX'!I$29:I$43<'4x4 MIX'!J$29:J$43))} -> 0 | D115: =+B115-C115-E115 -> 0 | E115: {=SUMPRODUCT(--('4x4 MIX'!C$29:C$43 = Standings!A115),--('4x4 MIX'!I$29:I$43<'4x4 MIX'!J$29:J$43))+SUMPRODUCT(--('4x4 MIX'!D$29:D$43 = Standings!A115),--('4x4 MIX'!I$29:I$43>'4x4 MIX'!J$29:J$43))} -> 0 | F115: =+SUMIFS('4x4 MIX'!I$29:J$43,'4x4 MIX'!C$29:D$43,Standings!A115) -> 0 | G115: {=SUMPRODUCT(--('4x4 MIX'!C$29:C$43=Standings!A115),'4x4 MIX'!J$29:J$43)+SUMPRODUCT(--('4x4 MIX'!D$29:D$43=Standings!A115),'4x4 MIX'!I$29:I$43)} -> 0 | H115: =+C115*2+D115*1 -> 0 | I115: =+F115/G115 -> #DIV/0!
A118: Group E | B118: Games played | C118: Wins | D118: Tied | E118: Losses | F118: Points won | G118: Points lost | H118: Score | I118: Points quotient
A119: =+'4x4 MIX'!E23 -> Sometimes maybe good | B119: {=SUMPRODUCT(--('4x4 MIX'!C$29:C$43=Standings!A119),--('4x4 MIX'!I$29:I$43<>""))+SUMPRODUCT(--('4x4 MIX'!D$29:D$43=Standings!A119),--('4x4 MIX'!J$29:J$43<>""))} -> 0 | C119: {=SUMPRODUCT(--('4x4 MIX'!C$29:C$43 = Standings!A119),--('4x4 MIX'!I$29:I$43>'4x4 MIX'!J$29:J$43))+SUMPRODUCT(--('4x4 MIX'!D$29:D$43 = Standings!A119),--('4x4 MIX'!I$29:I$43<'4x4 MIX'!J$29:J$43))} -> 0 | D119: =+B119-C119-E119 -> 0 | E119: {=SUMPRODUCT(--('4x4 MIX'!C$29:C$43 = Standings!A119),--('4x4 MIX'!I$29:I$43<'4x4 MIX'!J$29:J$43))+SUMPRODUCT(--('4x4 MIX'!D$29:D$43 = Standings!A119),--('4x4 MIX'!I$29:I$43>'4x4 MIX'!J$29:J$43))} -> 0 | F119: =+SUMIFS('4x4 MIX'!I$29:J$43,'4x4 MIX'!C$29:D$43,Standings!A119) -> 0 | G119: {=SUMPRODUCT(--('4x4 MIX'!C$29:C$43=Standings!A119),'4x4 MIX'!J$29:J$43)+SUMPRODUCT(--('4x4 MIX'!D$29:D$43=Standings!A119),'4x4 MIX'!I$29:I$43)} -> 0 | H119: =+C119*2+D119*1 -> 0 | I119: =+F119/G119 -> #DIV/0!
A120: =+'4x4 MIX'!E24 -> EUROPOL 4 MIX | B120: {=SUMPRODUCT(--('4x4 MIX'!C$29:C$43=Standings!A120),--('4x4 MIX'!I$29:I$43<>""))+SUMPRODUCT(--('4x4 MIX'!D$29:D$43=Standings!A120),--('4x4 MIX'!J$29:J$43<>""))} -> 0 | C120: {=SUMPRODUCT(--('4x4 MIX'!C$29:C$43 = Standings!A120),--('4x4 MIX'!I$29:I$43>'4x4 MIX'!J$29:J$43))+SUMPRODUCT(--('4x4 MIX'!D$29:D$43 = Standings!A120),--('4x4 MIX'!I$29:I$43<'4x4 MIX'!J$29:J$43))} -> 0 | D120: =+B120-C120-E120 -> 0 | E120: {=SUMPRODUCT(--('4x4 MIX'!C$29:C$43 = Standings!A120),--('4x4 MIX'!I$29:I$43<'4x4 MIX'!J$29:J$43))+SUMPRODUCT(--('4x4 MIX'!D$29:D$43 = Standings!A120),--('4x4 MIX'!I$29:I$43>'4x4 MIX'!J$29:J$43))} -> 0 | F120: =+SUMIFS('4x4 MIX'!I$29:J$43,'4x4 MIX'!C$29:D$43,Standings!A120) -> 0 | G120: {=SUMPRODUCT(--('4x4 MIX'!C$29:C$43=Standings!A120),'4x4 MIX'!J$29:J$43)+SUMPRODUCT(--('4x4 MIX'!D$29:D$43=Standings!A120),'4x4 MIX'!I$29:I$43)} -> 0 | H120: =+C120*2+D120*1 -> 0 | I120: =+F120/G120 -> #DIV/0!
A121: =+'4x4 MIX'!E25 -> Upsand Down | B121: {=SUMPRODUCT(--('4x4 MIX'!C$29:C$43=Standings!A121),--('4x4 MIX'!I$29:I$43<>""))+SUMPRODUCT(--('4x4 MIX'!D$29:D$43=Standings!A121),--('4x4 MIX'!J$29:J$43<>""))} -> 0 | C121: {=SUMPRODUCT(--('4x4 MIX'!C$29:C$43 = Standings!A121),--('4x4 MIX'!I$29:I$43>'4x4 MIX'!J$29:J$43))+SUMPRODUCT(--('4x4 MIX'!D$29:D$43 = Standings!A121),--('4x4 MIX'!I$29:I$43<'4x4 MIX'!J$29:J$43))} -> 0 | D121: =+B121-C121-E121 -> 0 | E121: {=SUMPRODUCT(--('4x4 MIX'!C$29:C$43 = Standings!A121),--('4x4 MIX'!I$29:I$43<'4x4 MIX'!J$29:J$43))+SUMPRODUCT(--('4x4 MIX'!D$29:D$43 = Standings!A121),--('4x4 MIX'!I$29:I$43>'4x4 MIX'!J$29:J$43))} -> 0 | F121: =+SUMIFS('4x4 MIX'!I$29:J$43,'4x4 MIX'!C$29:D$43,Standings!A121) -> 0 | G121: {=SUMPRODUCT(--('4x4 MIX'!C$29:C$43=Standings!A121),'4x4 MIX'!J$29:J$43)+SUMPRODUCT(--('4x4 MIX'!D$29:D$43=Standings!A121),'4x4 MIX'!I$29:I$43)} -> 0 | H121: =+C121*2+D121*1 -> 0 | I121: =+F121/G121 -> #DIV/0!

Sheet Finals
C2: Semi
B3: Torneo | C3: Team 1 | D3: Team 2 | E3: Court | F3: Time
B4: 2x2 M | E4: 1 | F4: ='General settings'!C$5 -> 0.375
B5: 2x2 M | E5: 2 | F5: ='General settings'!C$5 -> 0.375
B6: 2x2 F | E6: 3 | F6: ='General settings'!C$5 -> 0.375
B7: 2x2 F | E7: 4 | F7: ='General settings'!C$5 -> 0.375
B8: 2x2 Mix | E8: 1 | F8: =F4+'General settings'!C$4/1440 -> 0.39097222
B9: 2x2 Mix | E9: 2 | F9: =F5+'General settings'!C$4/1440 -> 0.39097222
B10: 4x4 Mix | E10: 3 | F10: =F6+'General settings'!C$4/1440 -> 0.39097222
B11: 4x4 Mix | E11: 4 | F11: =F7+'General settings'!C$4/1440 -> 0.39097222
C14: 3-4 Finals
B15: Torneo | C15: Team 1 | D15: Team 2 | E15: Court | F15: Time
B16: 2x2 M | E16: 1 | F16: ='General settings'!C$6 -> 0.4375
B17: 2x2 F | E17: 2 | F17: ='General settings'!C$6 -> 0.4375
B18: 2x2 Mix | E18: 3 | F18: ='General settings'!C$6 -> 0.4375
B19: 4x4 Mix | E19: 4 | F19: ='General settings'!C$6 -> 0.4375
C21: 1-2 Finals
B22: Torneo | C22: Team 1 | D22: Team 2 | E22: Court | F22: Time
B23: 2x2 M | E23: 1 | F23: =F16+2*'General settings'!C$4/1440 -> 0.46944444
B24: 2x2 F | E24: 2 | F24: =F17+2*'General settings'!C$4/1440 -> 0.46944444
B25: 2x2 Mix | E25: 3 | F25: =F18+2*'General settings'!C$4/1440 -> 0.46944444
B26: 4x4 Mix | E26: 4 | F26: =F19+2*'General settings'!C$4/1440 -> 0.46944444

Sheet Players' check
B1: Name | C1: Games played
B2: {=_xlfn._xlws.SORT(_xlfn.UNIQUE(_xlfn.TOCOL(Global!J5:U96,1,1)))} -> Ackerl Reinhard | C2: =COUNTIF(Global!J$5:U$96,B2) -> 7 | E2: Games played
B3: Aleksandra Wajda | C3: =COUNTIF(Global!J$5:U$96,B3) -> 4 | E3: {=_xlfn._xlws.SORT(_xlfn.UNIQUE($C$2:$C$87))} -> 0 | F3: =COUNTIF($C$2:$C$87,E3) -> 4 | J3: =COUNTA(L3:T3)>COUNTA(_xlfn.UNIQUE(_xlfn.TOCOL(L3:T3,1))) -> FALSE | K3: {=+_xlfn.UNIQUE(_xlfn.TOCOL(Global!J5:U96,3,1))} -> Monika Ciesielska | L3: {=_xlfn.LET(_xlpm.nome,K3,_xlpm.orari,Global!$G$5:$G$96,_xlpm.nomi,Global!$J$5:$U$96,IFERROR(_xlfn.TOROW(_xlfn._xlws.SORT(_xlfn.UNIQUE(_xlfn._xlws.FILTER(_xlpm.orari,_xlfn.BYROW(_xlpm.nomi,_xlfn.LAMBDA(_xlpm.r,COUNTIF(_xlpm.r,_xlpm.nome)>0)) )))),""))} -> 0.375 | M3: 0.40694444 | N3: 0.61458333 | O3: 0.6625 | P3: 0.74236111
B4: Alex Gentimis | C4: =COUNTIF(Global!J$5:U$96,B4) -> 3 | E4: 2 | F4: =COUNTIF($C$2:$C$87,E4) -> 16 | J4: =COUNTA(L4:T4)>COUNTA(_xlfn.UNIQUE(_xlfn.TOCOL(L4:T4,1))) -> FALSE | K4: Anna Sofia Messeri | L4: {=_xlfn.LET(_xlpm.nome,K4,_xlpm.orari,Global!$G$5:$G$96,_xlpm.nomi,Global!$J$5:$U$96,IFERROR(_xlfn.TOROW(_xlfn._xlws.SORT(_xlfn.UNIQUE(_xlfn._xlws.FILTER(_xlpm.orari,_xlfn.BYROW(_xlpm.nomi,_xlfn.LAMBDA(_xlpm.r,COUNTIF(_xlpm.r,_xlpm.nome)>0)) )))),""))} -> 0.375 | M4: 0.40694444 | N4: 0.47083333 | O4: 0.50277778 | P4: 0.53472222 | Q4: 0.61458333 | R4: 0.6625 | S4: 0.75833333
B5: Amedja Ecki | C5: =COUNTIF(Global!J$5:U$96,B5) -> 2 | E5: 3 | F5: =COUNTIF($C$2:$C$87,E5) -> 1 | J5: =COUNTA(L5:T5)>COUNTA(_xlfn.UNIQUE(_xlfn.TOCOL(L5:T5,1))) -> FALSE | K5: CSENKE JUDIT | L5: {=_xlfn.LET(_xlpm.nome,K5,_xlpm.orari,Global!$G$5:$G$96,_xlpm.nomi,Global!$J$5:$U$96,IFERROR(_xlfn.TOROW(_xlfn._xlws.SORT(_xlfn.UNIQUE(_xlfn._xlws.FILTER(_xlpm.orari,_xlfn.BYROW(_xlpm.nomi,_xlfn.LAMBDA(_xlpm.r,COUNTIF(_xlpm.r,_xlpm.nome)>0)) )))),""))} -> 0.375 | M5: 0.42291667 | N5: 0.59861111 | O5: 0.64652778 | P5: 0.72638889 | Q5: 0.79027778
B6: Anna Isabel | C6: =COUNTIF(Global!J$5:U$96,B6) -> 2 | E6: 4 | F6: =COUNTIF($C$2:$C$87,E6) -> 6 | J6: =COUNTA(L6:T6)>COUNTA(_xlfn.UNIQUE(_xlfn.TOCOL(L6:T6,1))) -> FALSE | K6: Aleksandra Wajda | L6: {=_xlfn.LET(_xlpm.nome,K6,_xlpm.orari,Global!$G$5:$G$96,_xlpm.nomi,Global!$J$5:$U$96,IFERROR(_xlfn.TOROW(_xlfn._xlws.SORT(_xlfn.UNIQUE(_xlfn._xlws.FILTER(_xlpm.orari,_xlfn.BYROW(_xlpm.nomi,_xlfn.LAMBDA(_xlpm.r,COUNTIF(_xlpm.r,_xlpm.nome)>0)) )))),""))} -> 0.375 | M6: 0.42291667 | N6: 0.45486111 | O6: 0.48680556
B7: Anna Jaroszuk | C7: =COUNTIF(Global!J$5:U$96,B7) -> 7 | E7: 5 | F7: =COUNTIF($C$2:$C$87,E7) -> 22 | J7: =COUNTA(L7:T7)>COUNTA(_xlfn.UNIQUE(_xlfn.TOCOL(L7:T7,1))) -> FALSE | K7: Seixas Joao | L7: {=_xlfn.LET(_xlpm.nome,K7,_xlpm.orari,Global!$G$5:$G$96,_xlpm.nomi,Global!$J$5:$U$96,IFERROR(_xlfn.TOROW(_xlfn._xlws.SORT(_xlfn.UNIQUE(_xlfn._xlws.FILTER(_xlpm.orari,_xlfn.BYROW(_xlpm.nomi,_xlfn.LAMBDA(_xlpm.r,COUNTIF(_xlpm.r,_xlpm.nome)>0)) )))),""))} -> 0.39097222 | M7: 0.42291667 | N7: 0.47083333 | O7: 0.53472222 | P7: 0.59861111 | Q7: 0.67847222 | R7: 0.77430556 | S7: 0.79027778
B8: Anna Sofia Messeri | C8: =COUNTIF(Global!J$5:U$96,B8) -> 8 | E8: 6 | F8: =COUNTIF($C$2:$C$87,E8) -> 6 | J8: =COUNTA(L8:T8)>COUNTA(_xlfn.UNIQUE(_xlfn.TOCOL(L8:T8,1))) -> FALSE | K8: Tania | L8: {=_xlfn.LET(_xlpm.nome,K8,_xlpm.orari,Global!$G$5:$G$96,_xlpm.nomi,Global!$J$5:$U$96,IFERROR(_xlfn.TOROW(_xlfn._xlws.SORT(_xlfn.UNIQUE(_xlfn._xlws.FILTER(_xlpm.orari,_xlfn.BYROW(_xlpm.nomi,_xlfn.LAMBDA(_xlpm.r,COUNTIF(_xlpm.r,_xlpm.nome)>0)) )))),""))} -> 0.375 | M8: 0.39097222 | N8: 0.45486111 | O8: 0.51875
B9: ANTONELLI Margherita | C9: =COUNTIF(Global!J$5:U$96,B9) -> 2 | E9: 7 | F9: =COUNTIF($C$2:$C$87,E9) -> 14 | J9: =COUNTA(L9:T9)>COUNTA(_xlfn.UNIQUE(_xlfn.TOCOL(L9:T9,1))) -> FALSE | K9: Mihaela Pereteatcu | L9: {=_xlfn.LET(_xlpm.nome,K9,_xlpm.orari,Global!$G$5:$G$96,_xlpm.nomi,Global!$J$5:$U$96,IFERROR(_xlfn.TOROW(_xlfn._xlws.SORT(_xlfn.UNIQUE(_xlfn._xlws.FILTER(_xlpm.orari,_xlfn.BYROW(_xlpm.nomi,_xlfn.LAMBDA(_xlpm.r,COUNTIF(_xlpm.r,_xlpm.nome)>0)) )))),""))} -> 0.375 | M9: 0.39097222 | N9: 0.63055556 | O9: 0.64652778 | P9: 0.69444444
B10: BILLERAULT AURELIEN | C10: =COUNTIF(Global!J$5:U$96,B10) -> 6 | E10: 8 | F10: =COUNTIF($C$2:$C$87,E10) -> 16 | J10: =COUNTA(L10:T10)>COUNTA(_xlfn.UNIQUE(_xlfn.TOCOL(L10:T10,1))) -> FALSE | K10: Kralova Irena | L10: {=_xlfn.LET(_xlpm.nome,K10,_xlpm.orari,Global!$G$5:$G$96,_xlpm.nomi,Global!$J$5:$U$96,IFERROR(_xlfn.TOROW(_xlfn._xlws.SORT(_xlfn.UNIQUE(_xlfn._xlws.FILTER(_xlpm.orari,_xlfn.BYROW(_xlpm.nomi,_xlfn.LAMBDA(_xlpm.r,COUNTIF(_xlpm.r,_xlpm.nome)>0)) )))),""))} -> 0.375 | M10: 0.39097222 | N10: 0.45486111 | O10: 0.53472222 | P10: 0.56666667 | Q10: 0.61458333 | R10: 0.69444444 | S10: 0.71041667
B11: Boba | C11: =COUNTIF(Global!J$5:U$96,B11) -> 7 | E11: 9 | F11: =COUNTIF($C$2:$C$87,E11) -> 1 | J11: =COUNTA(L11:T11)>COUNTA(_xlfn.UNIQUE(_xlfn.TOCOL(L11:T11,1))) -> FALSE | K11: Filothei | L11: {=_xlfn.LET(_xlpm.nome,K11,_xlpm.orari,Global!$G$5:$G$96,_xlpm.nomi,Global!$J$5:$U$96,IFERROR(_xlfn.TOROW(_xlfn._xlws.SORT(_xlfn.UNIQUE(_xlfn._xlws.FILTER(_xlpm.orari,_xlfn.BYROW(_xlpm.nomi,_xlfn.LAMBDA(_xlpm.r,COUNTIF(_xlpm.r,_xlpm.nome)>0)) )))),""))} -> 0.375 | M11: 0.40694444 | N11: 0.48680556 | O11: 0.50277778 | P11: 0.53472222
B12: Bonato Stefano | C12: =COUNTIF(Global!J$5:U$96,B12) -> 7 | J12: =COUNTA(L12:T12)>COUNTA(_xlfn.UNIQUE(_xlfn.TOCOL(L12:T12,1))) -> FALSE | K12: Stanciu Anca | L12: {=_xlfn.LET(_xlpm.nome,K12,_xlpm.orari,Global!$G$5:$G$96,_xlpm.nomi,Global!$J$5:$U$96,IFERROR(_xlfn.TOROW(_xlfn._xlws.SORT(_xlfn.UNIQUE(_xlfn._xlws.FILTER(_xlpm.orari,_xlfn.BYROW(_xlpm.nomi,_xlfn.LAMBDA(_xlpm.r,COUNTIF(_xlpm.r,_xlpm.nome)>0)) )))),""))} -> 0.39097222 | M12: 0.40694444 | N12: 0.48680556 | O12: 0.51875 | P12: 0.64652778 | Q12: 0.6625 | R12: 0.71041667
B13: Carlo | C13: =COUNTIF(Global!J$5:U$96,B13) -> 7 | J13: =COUNTA(L13:T13)>COUNTA(_xlfn.UNIQUE(_xlfn.TOCOL(L13:T13,1))) -> FALSE | K13: Daniele | L13: {=_xlfn.LET(_xlpm.nome,K13,_xlpm.orari,Global!$G$5:$G$96,_xlpm.nomi,Global!$J$5:$U$96,IFERROR(_xlfn.TOROW(_xlfn._xlws.SORT(_xlfn.UNIQUE(_xlfn._xlws.FILTER(_xlpm.orari,_xlfn.BYROW(_xlpm.nomi,_xlfn.LAMBDA(_xlpm.r,COUNTIF(_xlpm.r,_xlpm.nome)>0)) )))),""))} -> 0.40694444 | M13: 0.42291667 | N13: 0.45486111 | O13: 0.48680556 | P13: 0.56666667
B14: Caroline Pothet | C14: =COUNTIF(Global!J$5:U$96,B14) -> 6 | J14: =COUNTA(L14:T14)>COUNTA(_xlfn.UNIQUE(_xlfn.TOCOL(L14:T14,1))) -> FALSE | K14: Ciprian Istudor | L14: {=_xlfn.LET(_xlpm.nome,K14,_xlpm.orari,Global!$G$5:$G$96,_xlpm.nomi,Global!$J$5:$U$96,IFERROR(_xlfn.TOROW(_xlfn._xlws.SORT(_xlfn.UNIQUE(_xlfn._xlws.FILTER(_xlpm.orari,_xlfn.BYROW(_xlpm.nomi,_xlfn.LAMBDA(_xlpm.r,COUNTIF(_xlpm.r,_xlpm.nome)>0)) )))),""))} -> 0.39097222 | M14: 0.40694444 | N14: 0.45486111 | O14: 0.51875 | P14: 0.56666667
B15: Ciprian Istudor | C15: =COUNTIF(Global!J$5:U$96,B15) -> 5 | J15: =COUNTA(L15:T15)>COUNTA(_xlfn.UNIQUE(_xlfn.TOCOL(L15:T15,1))) -> FALSE | K15: Marchesini Matteo | L15: {=_xlfn.LET(_xlpm.nome,K15,_xlpm.orari,Global!$G$5:$G$96,_xlpm.nomi,Global!$J$5:$U$96,IFERROR(_xlfn.TOROW(_xlfn._xlws.SORT(_xlfn.UNIQUE(_xlfn._xlws.FILTER(_xlpm.orari,_xlfn.BYROW(_xlpm.nomi,_xlfn.LAMBDA(_xlpm.r,COUNTIF(_xlpm.r,_xlpm.nome)>0)) )))),""))} -> 0.375 | M15: 0.39097222 | N15: 0.47083333 | O15: 0.53472222 | P15: 0.61458333 | Q15: 0.67847222 | R15: 0.71041667
B16: Claudia | C16: =COUNTIF(Global!J$5:U$96,B16) -> 7 | J16: =COUNTA(L16:T16)>COUNTA(_xlfn.UNIQUE(_xlfn.TOCOL(L16:T16,1))) -> FALSE | K16: Mauro Gabbarini | L16: {=_xlfn.LET(_xlpm.nome,K16,_xlpm.orari,Global!$G$5:$G$96,_xlpm.nomi,Global!$J$5:$U$96,IFERROR(_xlfn.TOROW(_xlfn._xlws.SORT(_xlfn.UNIQUE(_xlfn._xlws.FILTER(_xlpm.orari,_xlfn.BYROW(_xlpm.nomi,_xlfn.LAMBDA(_xlpm.r,COUNTIF(_xlpm.r,_xlpm.nome)>0)) )))),""))} -> 0.40694444 | M16: 0.42291667 | N16: 0.48680556 | O16: 0.51875 | P16: 0.58263889
B17: Claudiu Chirias | C17: =COUNTIF(Global!J$5:U$96,B17) -> 2 | J17: =COUNTA(L17:T17)>COUNTA(_xlfn.UNIQUE(_xlfn.TOCOL(L17:T17,1))) -> FALSE | K17: Filipe Paisana | L17: {=_xlfn.LET(_xlpm.nome,K17,_xlpm.orari,Global!$G$5:$G$96,_xlpm.nomi,Global!$J$5:$U$96,IFERROR(_xlfn.TOROW(_xlfn._xlws.SORT(_xlfn.UNIQUE(_xlfn._xlws.FILTER(_xlpm.orari,_xlfn.BYROW(_xlpm.nomi,_xlfn.LAMBDA(_xlpm.r,COUNTIF(_xlpm.r,_xlpm.nome)>0)) )))),""))} -> 0.375 | M17: 0.40694444 | N17: 0.47083333 | O17: 0.50277778
B18: Conti Lucia | C18: =COUNTIF(Global!J$5:U$96,B18) -> 8 | J18: =COUNTA(L18:T18)>COUNTA(_xlfn.UNIQUE(_xlfn.TOCOL(L18:T18,1))) -> FALSE | K18: Fabio | L18: {=_xlfn.LET(_xlpm.nome,K18,_xlpm.orari,Global!$G$5:$G$96,_xlpm.nomi,Global!$J$5:$U$96,IFERROR(_xlfn.TOROW(_xlfn._xlws.SORT(_xlfn.UNIQUE(_xlfn._xlws.FILTER(_xlpm.orari,_xlfn.BYROW(_xlpm.nomi,_xlfn.LAMBDA(_xlpm.r,COUNTIF(_xlpm.r,_xlpm.nome)>0)) )))),""))} -> 0.40694444 | M18: 0.42291667 | N18: 0.47083333 | O18: 0.50277778 | P18: 0.63055556 | Q18: 0.67847222 | R18: 0.74236111
B19: CORRADO ALESSANDRO | C19: =COUNTIF(Global!J$5:U$96,B19) -> 5 | J19: =COUNTA(L19:T19)>COUNTA(_xlfn.UNIQUE(_xlfn.TOCOL(L19:T19,1))) -> FALSE | K19: Ferri Alessandro | L19: {=_xlfn.LET(_xlpm.nome,K19,_xlpm.orari,Global!$G$5:$G$96,_xlpm.nomi,Global!$J$5:$U$96,IFERROR(_xlfn.TOROW(_xlfn._xlws.SORT(_xlfn.UNIQUE(_xlfn._xlws.FILTER(_xlpm.orari,_xlfn.BYROW(_xlpm.nomi,_xlfn.LAMBDA(_xlpm.r,COUNTIF(_xlpm.r,_xlpm.nome)>0)) )))),""))} -> 0.375 | M19: 0.39097222 | N19: 0.48680556 | O19: 0.51875 | P19: 0.58263889 | Q19: 0.61458333 | R19: 0.69444444 | S19: 0.71041667
B20: CSENKE JUDIT | C20: =COUNTIF(Global!J$5:U$96,B20) -> 6 | J20: =COUNTA(L20:T20)>COUNTA(_xlfn.UNIQUE(_xlfn.TOCOL(L20:T20,1))) -> FALSE | K20: Mateusz Rudzik | L20: {=_xlfn.LET(_xlpm.nome,K20,_xlpm.orari,Global!$G$5:$G$96,_xlpm.nomi,Global!$J$5:$U$96,IFERROR(_xlfn.TOROW(_xlfn._xlws.SORT(_xlfn.UNIQUE(_xlfn._xlws.FILTER(_xlpm.orari,_xlfn.BYROW(_xlpm.nomi,_xlfn.LAMBDA(_xlpm.r,COUNTIF(_xlpm.r,_xlpm.nome)>0)) )))),""))} -> 0.375 | M20: 0.40694444 | N20: 0.45486111 | O20: 0.55069444 | P20: 0.58263889
B21: Damian Krzak | C21: =COUNTIF(Global!J$5:U$96,B21) -> 2 | J21: =COUNTA(L21:T21)>COUNTA(_xlfn.UNIQUE(_xlfn.TOCOL(L21:T21,1))) -> FALSE | K21: Oliver Bosnar | L21: {=_xlfn.LET(_xlpm.nome,K21,_xlpm.orari,Global!$G$5:$G$96,_xlpm.nomi,Global!$J$5:$U$96,IFERROR(_xlfn.TOROW(_xlfn._xlws.SORT(_xlfn.UNIQUE(_xlfn._xlws.FILTER(_xlpm.orari,_xlfn.BYROW(_xlpm.nomi,_xlfn.LAMBDA(_xlpm.r,COUNTIF(_xlpm.r,_xlpm.nome)>0)) )))),""))} -> 0.375 | M21: 0.40694444 | N21: 0.45486111 | O21: 0.55069444 | P21: 0.58263889 | Q21: 0.61458333 | R21: 0.6625 | S21: 0.75833333
B22: Daniela | C22: =COUNTIF(Global!J$5:U$96,B22) -> 5 | J22: =COUNTA(L22:T22)>COUNTA(_xlfn.UNIQUE(_xlfn.TOCOL(L22:T22,1))) -> FALSE | K22: Natalia Alberska | L22: {=_xlfn.LET(_xlpm.nome,K22,_xlpm.orari,Global!$G$5:$G$96,_xlpm.nomi,Global!$J$5:$U$96,IFERROR(_xlfn.TOROW(_xlfn._xlws.SORT(_xlfn.UNIQUE(_xlfn._xlws.FILTER(_xlpm.orari,_xlfn.BYROW(_xlpm.nomi,_xlfn.LAMBDA(_xlpm.r,COUNTIF(_xlpm.r,_xlpm.nome)>0)) )))),""))} -> 0.375 | M22: 0.40694444 | N22: 0.45486111 | O22: 0.50277778 | P22: 0.55069444 | Q22: 0.61458333 | R22: 0.6625 | S22: 0.75833333
B23: Daniele | C23: =COUNTIF(Global!J$5:U$96,B23) -> 5 | J23: =COUNTA(L23:T23)>COUNTA(_xlfn.UNIQUE(_xlfn.TOCOL(L23:T23,1))) -> FALSE | K23: Evgenia Kalogeropoulou | L23: {=_xlfn.LET(_xlpm.nome,K23,_xlpm.orari,Global!$G$5:$G$96,_xlpm.nomi,Global!$J$5:$U$96,IFERROR(_xlfn.TOROW(_xlfn._xlws.SORT(_xlfn.UNIQUE(_xlfn._xlws.FILTER(_xlpm.orari,_xlfn.BYROW(_xlpm.nomi,_xlfn.LAMBDA(_xlpm.r,COUNTIF(_xlpm.r,_xlpm.nome)>0)) )))),""))} -> 0.375 | M23: 0.40694444 | N23: 0.47083333 | O23: 0.50277778 | P23: 0.53472222 | Q23: 0.61458333 | R23: 0.6625 | S23: 0.74236111
B24: Dariusz Neuhoff von der Ley | C24: =COUNTIF(Global!J$5:U$96,B24) -> 4 | J24: =COUNTA(L24:T24)>COUNTA(_xlfn.UNIQUE(_xlfn.TOCOL(L24:T24,1))) -> FALSE | K24: Daniela | L24: {=_xlfn.LET(_xlpm.nome,K24,_xlpm.orari,Global!$G$5:$G$96,_xlpm.nomi,Global!$J$5:$U$96,IFERROR(_xlfn.TOROW(_xlfn._xlws.SORT(_xlfn.UNIQUE(_xlfn._xlws.FILTER(_xlpm.orari,_xlfn.BYROW(_xlpm.nomi,_xlfn.LAMBDA(_xlpm.r,COUNTIF(_xlpm.r,_xlpm.nome)>0)) )))),""))} -> 0.375 | M24: 0.39097222 | N24: 0.47083333 | O24: 0.50277778 | P24: 0.55069444
B25: Deniz Javier | C25: =COUNTIF(Global!J$5:U$96,B25) -> 2 | J25: =COUNTA(L25:T25)>COUNTA(_xlfn.UNIQUE(_xlfn.TOCOL(L25:T25,1))) -> FALSE | K25: Conti Lucia | L25: {=_xlfn.LET(_xlpm.nome,K25,_xlpm.orari,Global!$G$5:$G$96,_xlpm.nomi,Global!$J$5:$U$96,IFERROR(_xlfn.TOROW(_xlfn._xlws.SORT(_xlfn.UNIQUE(_xlfn._xlws.FILTER(_xlpm.orari,_xlfn.BYROW(_xlpm.nomi,_xlfn.LAMBDA(_xlpm.r,COUNTIF(_xlpm.r,_xlpm.nome)>0)) )))),""))} -> 0.39097222 | M25: 0.42291667 | N25: 0.47083333 | O25: 0.51875 | P25: 0.55069444 | Q25: 0.59861111 | R25: 0.67847222 | S25: 0.69444444
B26: Diana | C26: =COUNTIF(Global!J$5:U$96,B26) -> 2 | J26: =COUNTA(L26:T26)>COUNTA(_xlfn.UNIQUE(_xlfn.TOCOL(L26:T26,1))) -> FALSE | K26: Claudia | L26: {=_xlfn.LET(_xlpm.nome,K26,_xlpm.orari,Global!$G$5:$G$96,_xlpm.nomi,Global!$J$5:$U$96,IFERROR(_xlfn.TOROW(_xlfn._xlws.SORT(_xlfn.UNIQUE(_xlfn._xlws.FILTER(_xlpm.orari,_xlfn.BYROW(_xlpm.nomi,_xlfn.LAMBDA(_xlpm.r,COUNTIF(_xlpm.r,_xlpm.nome)>0)) )))),""))} -> 0.375 | M26: 0.39097222 | N26: 0.45486111 | O26: 0.51875 | P26: 0.63055556 | Q26: 0.6625 | R26: 0.71041667
B27: Elisa B. | C27: =COUNTIF(Global!J$5:U$96,B27) -> 8 | J27: =COUNTA(L27:T27)>COUNTA(_xlfn.UNIQUE(_xlfn.TOCOL(L27:T27,1))) -> FALSE | K27: Federica Foti | L27: {=_xlfn.LET(_xlpm.nome,K27,_xlpm.orari,Global!$G$5:$G$96,_xlpm.nomi,Global!$J$5:$U$96,IFERROR(_xlfn.TOROW(_xlfn._xlws.SORT(_xlfn.UNIQUE(_xlfn._xlws.FILTER(_xlpm.orari,_xlfn.BYROW(_xlpm.nomi,_xlfn.LAMBDA(_xlpm.r,COUNTIF(_xlpm.r,_xlpm.nome)>0)) )))),""))} -> 0.375 | M27: 0.42291667 | N27: 0.59861111 | O27: 0.64652778 | P27: 0.72638889
B28: Evangelos Kotzagiorgis | C28: =COUNTIF(Global!J$5:U$96,B28) -> 8 | J28: =COUNTA(L28:T28)>COUNTA(_xlfn.UNIQUE(_xlfn.TOCOL(L28:T28,1))) -> FALSE | K28: Michal Narojek | L28: {=_xlfn.LET(_xlpm.nome,K28,_xlpm.orari,Global!$G$5:$G$96,_xlpm.nomi,Global!$J$5:$U$96,IFERROR(_xlfn.TOROW(_xlfn._xlws.SORT(_xlfn.UNIQUE(_xlfn._xlws.FILTER(_xlpm.orari,_xlfn.BYROW(_xlpm.nomi,_xlfn.LAMBDA(_xlpm.r,COUNTIF(_xlpm.r,_xlpm.nome)>0)) )))),""))} -> 0.45486111 | M28: 0.55069444 | N28: 0.58263889 | O28: 0.61458333 | P28: 0.6625 | Q28: 0.74236111
B29: Evgenia Kalogeropoulou | C29: =COUNTIF(Global!J$5:U$96,B29) -> 8 | J29: =COUNTA(L29:T29)>COUNTA(_xlfn.UNIQUE(_xlfn.TOCOL(L29:T29,1))) -> FALSE | K29: Georgios Dimitropoulos | L29: {=_xlfn.LET(_xlpm.nome,K29,_xlpm.orari,Global!$G$5:$G$96,_xlpm.nomi,Global!$J$5:$U$96,IFERROR(_xlfn.TOROW(_xlfn._xlws.SORT(_xlfn.UNIQUE(_xlfn._xlws.FILTER(_xlpm.orari,_xlfn.BYROW(_xlpm.nomi,_xlfn.LAMBDA(_xlpm.r,COUNTIF(_xlpm.r,_xlpm.nome)>0)) )))),""))} -> 0.375 | M29: 0.40694444 | N29: 0.47083333 | O29: 0.50277778 | P29: 0.61458333 | Q29: 0.6625 | R29: 0.74236111
B30: Fabio | C30: =COUNTIF(Global!J$5:U$96,B30) -> 7 | J30: =COUNTA(L30:T30)>COUNTA(_xlfn.UNIQUE(_xlfn.TOCOL(L30:T30,1))) -> FALSE | K30: Caroline Pothet | L30: {=_xlfn.LET(_xlpm.nome,K30,_xlpm.orari,Global!$G$5:$G$96,_xlpm.nomi,Global!$J$5:$U$96,IFERROR(_xlfn.TOROW(_xlfn._xlws.SORT(_xlfn.UNIQUE(_xlfn._xlws.FILTER(_xlpm.orari,_xlfn.BYROW(_xlpm.nomi,_xlfn.LAMBDA(_xlpm.r,COUNTIF(_xlpm.r,_xlpm.nome)>0)) )))),""))} -> 0.375 | M30: 0.39097222 | N30: 0.63055556 | O30: 0.67847222 | P30: 0.72638889 | Q30: 0.77430556
B31: Federica C. | C31: =COUNTIF(Global!J$5:U$96,B31) -> 5 | J31: =COUNTA(L31:T31)>COUNTA(_xlfn.UNIQUE(_xlfn.TOCOL(L31:T31,1))) -> FALSE | K31: Vasileios | L31: {=_xlfn.LET(_xlpm.nome,K31,_xlpm.orari,Global!$G$5:$G$96,_xlpm.nomi,Global!$J$5:$U$96,IFERROR(_xlfn.TOROW(_xlfn._xlws.SORT(_xlfn.UNIQUE(_xlfn._xlws.FILTER(_xlpm.orari,_xlfn.BYROW(_xlpm.nomi,_xlfn.LAMBDA(_xlpm.r,COUNTIF(_xlpm.r,_xlpm.nome)>0)) )))),""))} -> 0.375 | M31: 0.39097222 | N31: 0.51875 | O31: 0.55069444 | P31: 0.56666667 | Q31: 0.63055556 | R31: 0.6625 | S31: 0.71041667
B32: Federica Ferrari | C32: =COUNTIF(Global!J$5:U$96,B32) -> 4 | J32: =COUNTA(L32:T32)>COUNTA(_xlfn.UNIQUE(_xlfn.TOCOL(L32:T32,1))) -> FALSE | K32: Wade | L32: {=_xlfn.LET(_xlpm.nome,K32,_xlpm.orari,Global!$G$5:$G$96,_xlpm.nomi,Global!$J$5:$U$96,IFERROR(_xlfn.TOROW(_xlfn._xlws.SORT(_xlfn.UNIQUE(_xlfn._xlws.FILTER(_xlpm.orari,_xlfn.BYROW(_xlpm.nomi,_xlfn.LAMBDA(_xlpm.r,COUNTIF(_xlpm.r,_xlpm.nome)>0)) )))),""))} -> 0.375 | M32: 0.40694444 | N32: 0.51875 | O32: 0.55069444 | P32: 0.56666667 | Q32: 0.63055556 | R32: 0.6625 | S32: 0.71041667
B33: Federica Ferretti | C33: =COUNTIF(Global!J$5:U$96,B33) -> 2 | J33: =COUNTA(L33:T33)>COUNTA(_xlfn.UNIQUE(_xlfn.TOCOL(L33:T33,1))) -> FALSE | K33: Scioni Barbara | L33: {=_xlfn.LET(_xlpm.nome,K33,_xlpm.orari,Global!$G$5:$G$96,_xlpm.nomi,Global!$J$5:$U$96,IFERROR(_xlfn.TOROW(_xlfn._xlws.SORT(_xlfn.UNIQUE(_xlfn._xlws.FILTER(_xlpm.orari,_xlfn.BYROW(_xlpm.nomi,_xlfn.LAMBDA(_xlpm.r,COUNTIF(_xlpm.r,_xlpm.nome)>0)) )))),""))} -> 0.39097222 | M33: 0.40694444 | N33: 0.64652778 | O33: 0.6625 | P33: 0.71041667
B34: Federica Foti | C34: =COUNTIF(Global!J$5:U$96,B34) -> 5 | J34: =COUNTA(L34:T34)>COUNTA(_xlfn.UNIQUE(_xlfn.TOCOL(L34:T34,1))) -> FALSE | K34: Bonato Stefano | L34: {=_xlfn.LET(_xlpm.nome,K34,_xlpm.orari,Global!$G$5:$G$96,_xlpm.nomi,Global!$J$5:$U$96,IFERROR(_xlfn.TOROW(_xlfn._xlws.SORT(_xlfn.UNIQUE(_xlfn._xlws.FILTER(_xlpm.orari,_xlfn.BYROW(_xlpm.nomi,_xlfn.LAMBDA(_xlpm.r,COUNTIF(_xlpm.r,_xlpm.nome)>0)) )))),""))} -> 0.39097222 | M34: 0.42291667 | N34: 0.47083333 | O34: 0.53472222 | P34: 0.59861111 | Q34: 0.67847222 | R34: 0.69444444
B35: Federica R. | C35: =COUNTIF(Global!J$5:U$96,B35) -> 5 | J35: =COUNTA(L35:T35)>COUNTA(_xlfn.UNIQUE(_xlfn.TOCOL(L35:T35,1))) -> FALSE | K35: Rausch Laura | L35: {=_xlfn.LET(_xlpm.nome,K35,_xlpm.orari,Global!$G$5:$G$96,_xlpm.nomi,Global!$J$5:$U$96,IFERROR(_xlfn.TOROW(_xlfn._xlws.SORT(_xlfn.UNIQUE(_xlfn._xlws.FILTER(_xlpm.orari,_xlfn.BYROW(_xlpm.nomi,_xlfn.LAMBDA(_xlpm.r,COUNTIF(_xlpm.r,_xlpm.nome)>0)) )))),""))} -> 0.39097222 | M35: 0.42291667 | N35: 0.48680556 | O35: 0.51875 | P35: 0.61458333 | Q35: 0.67847222 | R35: 0.71041667
B36: Ferri Alessandro | C36: =COUNTIF(Global!J$5:U$96,B36) -> 8 | J36: =COUNTA(L36:T36)>COUNTA(_xlfn.UNIQUE(_xlfn.TOCOL(L36:T36,1))) -> FALSE | K36: Marchese Emanuela | L36: {=_xlfn.LET(_xlpm.nome,K36,_xlpm.orari,Global!$G$5:$G$96,_xlpm.nomi,Global!$J$5:$U$96,IFERROR(_xlfn.TOROW(_xlfn._xlws.SORT(_xlfn.UNIQUE(_xlfn._xlws.FILTER(_xlpm.orari,_xlfn.BYROW(_xlpm.nomi,_xlfn.LAMBDA(_xlpm.r,COUNTIF(_xlpm.r,_xlpm.nome)>0)) )))),""))} -> 0.375 | M36: 0.39097222 | N36: 0.61458333 | O36: 0.67847222 | P36: 0.71041667
B37: Filipe Paisana | C37: =COUNTIF(Global!J$5:U$96,B37) -> 4 | J37: =COUNTA(L37:T37)>COUNTA(_xlfn.UNIQUE(_xlfn.TOCOL(L37:T37,1))) -> FALSE | K37: Pecoraro Simona | L37: {=_xlfn.LET(_xlpm.nome,K37,_xlpm.orari,Global!$G$5:$G$96,_xlpm.nomi,Global!$J$5:$U$96,IFERROR(_xlfn.TOROW(_xlfn._xlws.SORT(_xlfn.UNIQUE(_xlfn._xlws.FILTER(_xlpm.orari,_xlfn.BYROW(_xlpm.nomi,_xlfn.LAMBDA(_xlpm.r,COUNTIF(_xlpm.r,_xlpm.nome)>0)) )))),""))} -> 0.375 | M37: 0.39097222 | N37: 0.45486111 | O37: 0.53472222 | P37: 0.56666667 | Q37: 0.61458333 | R37: 0.69444444 | S37: 0.71041667
B38: Filothei | C38: =COUNTIF(Global!J$5:U$96,B38) -> 5 | J38: =COUNTA(L38:T38)>COUNTA(_xlfn.UNIQUE(_xlfn.TOCOL(L38:T38,1))) -> FALSE | K38: Boba | L38: {=_xlfn.LET(_xlpm.nome,K38,_xlpm.orari,Global!$G$5:$G$96,_xlpm.nomi,Global!$J$5:$U$96,IFERROR(_xlfn.TOROW(_xlfn._xlws.SORT(_xlfn.UNIQUE(_xlfn._xlws.FILTER(_xlpm.orari,_xlfn.BYROW(_xlpm.nomi,_xlfn.LAMBDA(_xlpm.r,COUNTIF(_xlpm.r,_xlpm.nome)>0)) )))),""))} -> 0.47083333 | M38: 0.51875 | N38: 0.53472222 | O38: 0.63055556 | P38: 0.69444444 | Q38: 0.77430556 | R38: 0.79027778
B39: Flavio | C39: =COUNTIF(Global!J$5:U$96,B39) -> 5 | J39: =COUNTA(L39:T39)>COUNTA(_xlfn.UNIQUE(_xlfn.TOCOL(L39:T39,1))) -> FALSE | K39: BILLERAULT AURELIEN | L39: {=_xlfn.LET(_xlpm.nome,K39,_xlpm.orari,Global!$G$5:$G$96,_xlpm.nomi,Global!$J$5:$U$96,IFERROR(_xlfn.TOROW(_xlfn._xlws.SORT(_xlfn.UNIQUE(_xlfn._xlws.FILTER(_xlpm.orari,_xlfn.BYROW(_xlpm.nomi,_xlfn.LAMBDA(_xlpm.r,COUNTIF(_xlpm.r,_xlpm.nome)>0)) )))),""))} -> 0.375 | M39: 0.42291667 | N39: 0.59861111 | O39: 0.64652778 | P39: 0.72638889 | Q39: 0.79027778
B40: Frank Pétavy | C40: =COUNTIF(Global!J$5:U$96,B40) -> 8 | J40: =COUNTA(L40:T40)>COUNTA(_xlfn.UNIQUE(_xlfn.TOCOL(L40:T40,1))) -> FALSE | K40: Federica Ferrari | L40: {=_xlfn.LET(_xlpm.nome,K40,_xlpm.orari,Global!$G$5:$G$96,_xlpm.nomi,Global!$J$5:$U$96,IFERROR(_xlfn.TOROW(_xlfn._xlws.SORT(_xlfn.UNIQUE(_xlfn._xlws.FILTER(_xlpm.orari,_xlfn.BYROW(_xlpm.nomi,_xlfn.LAMBDA(_xlpm.r,COUNTIF(_xlpm.r,_xlpm.nome)>0)) )))),""))} -> 0.375 | M40: 0.42291667 | N40: 0.45486111 | O40: 0.48680556
B41: Georgios Dimitropoulos | C41: =COUNTIF(Global!J$5:U$96,B41) -> 7 | J41: =COUNTA(L41:T41)>COUNTA(_xlfn.UNIQUE(_xlfn.TOCOL(L41:T41,1))) -> FALSE | K41: Valentina Cordo | L41: {=_xlfn.LET(_xlpm.nome,K41,_xlpm.orari,Global!$G$5:$G$96,_xlpm.nomi,Global!$J$5:$U$96,IFERROR(_xlfn.TOROW(_xlfn._xlws.SORT(_xlfn.UNIQUE(_xlfn._xlws.FILTER(_xlpm.orari,_xlfn.BYROW(_xlpm.nomi,_xlfn.LAMBDA(_xlpm.r,COUNTIF(_xlpm.r,_xlpm.nome)>0)) )))),""))} -> 0.375 | M41: 0.39097222 | N41: 0.64652778 | O41: 0.69444444 | P41: 0.75833333
B42: GURRIERI ROSARIO | C42: =COUNTIF(Global!J$5:U$96,B42) -> 2 | J42: =COUNTA(L42:T42)>COUNTA(_xlfn.UNIQUE(_xlfn.TOCOL(L42:T42,1))) -> FALSE | K42: Anna Isabel | L42: {=_xlfn.LET(_xlpm.nome,K42,_xlpm.orari,Global!$G$5:$G$96,_xlpm.nomi,Global!$J$5:$U$96,IFERROR(_xlfn.TOROW(_xlfn._xlws.SORT(_xlfn.UNIQUE(_xlfn._xlws.FILTER(_xlpm.orari,_xlfn.BYROW(_xlpm.nomi,_xlfn.LAMBDA(_xlpm.r,COUNTIF(_xlpm.r,_xlpm.nome)>0)) )))),""))} -> 0.375 | M42: 0.40694444
B43: Ilaria | C43: =COUNTIF(Global!J$5:U$96,B43) -> 8 | J43: =COUNTA(L43:T43)>COUNTA(_xlfn.UNIQUE(_xlfn.TOCOL(L43:T43,1))) -> FALSE | K43: Serra Jose Manuel de Jesus | L43: {=_xlfn.LET(_xlpm.nome,K43,_xlpm.orari,Global!$G$5:$G$96,_xlpm.nomi,Global!$J$5:$U$96,IFERROR(_xlfn.TOROW(_xlfn._xlws.SORT(_xlfn.UNIQUE(_xlfn._xlws.FILTER(_xlpm.orari,_xlfn.BYROW(_xlpm.nomi,_xlfn.LAMBDA(_xlpm.r,COUNTIF(_xlpm.r,_xlpm.nome)>0)) )))),""))} -> 0.39097222 | M43: 0.40694444 | N43: 0.64652778 | O43: 0.6625 | P43: 0.71041667
B44: Ionut Sava | C44: =COUNTIF(Global!J$5:U$96,B44) -> 7 | J44: =COUNTA(L44:T44)>COUNTA(_xlfn.UNIQUE(_xlfn.TOCOL(L44:T44,1))) -> FALSE | K44: Carlo | L44: {=_xlfn.LET(_xlpm.nome,K44,_xlpm.orari,Global!$G$5:$G$96,_xlpm.nomi,Global!$J$5:$U$96,IFERROR(_xlfn.TOROW(_xlfn._xlws.SORT(_xlfn.UNIQUE(_xlfn._xlws.FILTER(_xlpm.orari,_xlfn.BYROW(_xlpm.nomi,_xlfn.LAMBDA(_xlpm.r,COUNTIF(_xlpm.r,_xlpm.nome)>0)) )))),""))} -> 0.45486111 | M44: 0.48680556 | N44: 0.56666667 | O44: 0.63055556 | P44: 0.69444444 | Q44: 0.77430556 | R44: 0.79027778
B45: Jakub Banka | C45: =COUNTIF(Global!J$5:U$96,B45) -> 2 | J45: =COUNTA(L45:T45)>COUNTA(_xlfn.UNIQUE(_xlfn.TOCOL(L45:T45,1))) -> FALSE | K45: Ionut Sava | L45: {=_xlfn.LET(_xlpm.nome,K45,_xlpm.orari,Global!$G$5:$G$96,_xlpm.nomi,Global!$J$5:$U$96,IFERROR(_xlfn.TOROW(_xlfn._xlws.SORT(_xlfn.UNIQUE(_xlfn._xlws.FILTER(_xlpm.orari,_xlfn.BYROW(_xlpm.nomi,_xlfn.LAMBDA(_xlpm.r,COUNTIF(_xlpm.r,_xlpm.nome)>0)) )))),""))} -> 0.45486111 | M45: 0.51875 | N45: 0.56666667 | O45: 0.64652778 | P45: 0.69444444 | Q45: 0.77430556 | R45: 0.79027778
B46: Jori Tyni | C46: =COUNTIF(Global!J$5:U$96,B46) -> 2 | J46: =COUNTA(L46:T46)>COUNTA(_xlfn.UNIQUE(_xlfn.TOCOL(L46:T46,1))) -> FALSE | K46: Ackerl Reinhard | L46: {=_xlfn.LET(_xlpm.nome,K46,_xlpm.orari,Global!$G$5:$G$96,_xlpm.nomi,Global!$J$5:$U$96,IFERROR(_xlfn.TOROW(_xlfn._xlws.SORT(_xlfn.UNIQUE(_xlfn._xlws.FILTER(_xlpm.orari,_xlfn.BYROW(_xlpm.nomi,_xlfn.LAMBDA(_xlpm.r,COUNTIF(_xlpm.r,_xlpm.nome)>0)) )))),""))} -> 0.375 | M46: 0.39097222 | N46: 0.47083333 | O46: 0.53472222 | P46: 0.61458333 | Q46: 0.69444444 | R46: 0.71041667
B47: Klayn Aglika | C47: =COUNTIF(Global!J$5:U$96,B47) -> 9 | J47: =COUNTA(L47:T47)>COUNTA(_xlfn.UNIQUE(_xlfn.TOCOL(L47:T47,1))) -> FALSE | K47: Tom | L47: {=_xlfn.LET(_xlpm.nome,K47,_xlpm.orari,Global!$G$5:$G$96,_xlpm.nomi,Global!$J$5:$U$96,IFERROR(_xlfn.TOROW(_xlfn._xlws.SORT(_xlfn.UNIQUE(_xlfn._xlws.FILTER(_xlpm.orari,_xlfn.BYROW(_xlpm.nomi,_xlfn.LAMBDA(_xlpm.r,COUNTIF(_xlpm.r,_xlpm.nome)>0)) )))),""))} -> 0.40694444 | M47: 0.42291667 | N47: 0.48680556 | O47: 0.51875 | P47: 0.58263889
B48: Kralova Irena | C48: =COUNTIF(Global!J$5:U$96,B48) -> 8 | J48: =COUNTA(L48:T48)>COUNTA(_xlfn.UNIQUE(_xlfn.TOCOL(L48:T48,1))) -> FALSE | K48: Roberto | L48: {=_xlfn.LET(_xlpm.nome,K48,_xlpm.orari,Global!$G$5:$G$96,_xlpm.nomi,Global!$J$5:$U$96,IFERROR(_xlfn.TOROW(_xlfn._xlws.SORT(_xlfn.UNIQUE(_xlfn._xlws.FILTER(_xlpm.orari,_xlfn.BYROW(_xlpm.nomi,_xlfn.LAMBDA(_xlpm.r,COUNTIF(_xlpm.r,_xlpm.nome)>0)) )))),""))} -> 0.40694444 | M48: 0.42291667 | N48: 0.47083333 | O48: 0.50277778 | P48: 0.63055556 | Q48: 0.67847222 | R48: 0.74236111
B49: Marchese Emanuela | C49: =COUNTIF(Global!J$5:U$96,B49) -> 5 | J49: =COUNTA(L49:T49)>COUNTA(_xlfn.UNIQUE(_xlfn.TOCOL(L49:T49,1))) -> FALSE | K49: Marinelli Andrea | L49: {=_xlfn.LET(_xlpm.nome,K49,_xlpm.orari,Global!$G$5:$G$96,_xlpm.nomi,Global!$J$5:$U$96,IFERROR(_xlfn.TOROW(_xlfn._xlws.SORT(_xlfn.UNIQUE(_xlfn._xlws.FILTER(_xlpm.orari,_xlfn.BYROW(_xlpm.nomi,_xlfn.LAMBDA(_xlpm.r,COUNTIF(_xlpm.r,_xlpm.nome)>0)) )))),""))} -> 0.48680556 | M49: 0.51875 | N49: 0.58263889 | O49: 0.61458333 | P49: 0.67847222 | Q49: 0.71041667
B50: Marchesini Matteo | C50: =COUNTIF(Global!J$5:U$96,B50) -> 7 | J50: =COUNTA(L50:T50)>COUNTA(_xlfn.UNIQUE(_xlfn.TOCOL(L50:T50,1))) -> FALSE | K50: Mariusz Dzierżawski | L50: {=_xlfn.LET(_xlpm.nome,K50,_xlpm.orari,Global!$G$5:$G$96,_xlpm.nomi,Global!$J$5:$U$96,IFERROR(_xlfn.TOROW(_xlfn._xlws.SORT(_xlfn.UNIQUE(_xlfn._xlws.FILTER(_xlpm.orari,_xlfn.BYROW(_xlpm.nomi,_xlfn.LAMBDA(_xlpm.r,COUNTIF(_xlpm.r,_xlpm.nome)>0)) )))),""))} -> 0.45486111 | M50: 0.55069444 | N50: 0.58263889 | O50: 0.61458333 | P50: 0.6625 | Q50: 0.75833333
B51: Maria | C51: =COUNTIF(Global!J$5:U$96,B51) -> 8 | J51: =COUNTA(L51:T51)>COUNTA(_xlfn.UNIQUE(_xlfn.TOCOL(L51:T51,1))) -> FALSE | K51: Anna Jaroszuk | L51: {=_xlfn.LET(_xlpm.nome,K51,_xlpm.orari,Global!$G$5:$G$96,_xlpm.nomi,Global!$J$5:$U$96,IFERROR(_xlfn.TOROW(_xlfn._xlws.SORT(_xlfn.UNIQUE(_xlfn._xlws.FILTER(_xlpm.orari,_xlfn.BYROW(_xlpm.nomi,_xlfn.LAMBDA(_xlpm.r,COUNTIF(_xlpm.r,_xlpm.nome)>0)) )))),""))} -> 0.45486111 | M51: 0.50277778 | N51: 0.55069444 | O51: 0.64652778 | P51: 0.69444444 | Q51: 0.77430556 | R51: 0.79027778
B52: Marinelli Andrea | C52: =COUNTIF(Global!J$5:U$96,B52) -> 6 | J52: =COUNTA(L52:T52)>COUNTA(_xlfn.UNIQUE(_xlfn.TOCOL(L52:T52,1))) -> FALSE | K52: Raquel | L52: {=_xlfn.LET(_xlpm.nome,K52,_xlpm.orari,Global!$G$5:$G$96,_xlpm.nomi,Global!$J$5:$U$96,IFERROR(_xlfn.TOROW(_xlfn._xlws.SORT(_xlfn.UNIQUE(_xlfn._xlws.FILTER(_xlpm.orari,_xlfn.BYROW(_xlpm.nomi,_xlfn.LAMBDA(_xlpm.r,COUNTIF(_xlpm.r,_xlpm.nome)>0)) )))),""))} -> 0.375 | M52: 0.40694444 | N52: 0.47083333 | O52: 0.50277778 | P52: 0.55069444
B53: Mariusz Dzierżawski | C53: =COUNTIF(Global!J$5:U$96,B53) -> 6 | J53: =COUNTA(L53:T53)>COUNTA(_xlfn.UNIQUE(_xlfn.TOCOL(L53:T53,1))) -> FALSE | K53: Maria | L53: {=_xlfn.LET(_xlpm.nome,K53,_xlpm.orari,Global!$G$5:$G$96,_xlpm.nomi,Global!$J$5:$U$96,IFERROR(_xlfn.TOROW(_xlfn._xlws.SORT(_xlfn.UNIQUE(_xlfn._xlws.FILTER(_xlpm.orari,_xlfn.BYROW(_xlpm.nomi,_xlfn.LAMBDA(_xlpm.r,COUNTIF(_xlpm.r,_xlpm.nome)>0)) )))),""))} -> 0.375 | M53: 0.39097222 | N53: 0.48680556 | O53: 0.50277778 | P53: 0.53472222 | Q53: 0.63055556 | R53: 0.6625 | S53: 0.71041667
B54: Mateusz Rudzik | C54: =COUNTIF(Global!J$5:U$96,B54) -> 5 | J54: =COUNTA(L54:T54)>COUNTA(_xlfn.UNIQUE(_xlfn.TOCOL(L54:T54,1))) -> FALSE | K54: Klayn Aglika | L54: {=_xlfn.LET(_xlpm.nome,K54,_xlpm.orari,Global!$G$5:$G$96,_xlpm.nomi,Global!$J$5:$U$96,IFERROR(_xlfn.TOROW(_xlfn._xlws.SORT(_xlfn.UNIQUE(_xlfn._xlws.FILTER(_xlpm.orari,_xlfn.BYROW(_xlpm.nomi,_xlfn.LAMBDA(_xlpm.r,COUNTIF(_xlpm.r,_xlpm.nome)>0)) )))),""))} -> 0.39097222 | M54: 0.42291667 | N54: 0.47083333 | O54: 0.51875 | P54: 0.55069444 | Q54: 0.59861111 | R54: 0.67847222 | S54: 0.77430556 | T54: 0.79027778
B55: Mauro Gabbarini | C55: =COUNTIF(Global!J$5:U$96,B55) -> 5 | J55: =COUNTA(L55:T55)>COUNTA(_xlfn.UNIQUE(_xlfn.TOCOL(L55:T55,1))) -> FALSE | K55: CORRADO ALESSANDRO | L55: {=_xlfn.LET(_xlpm.nome,K55,_xlpm.orari,Global!$G$5:$G$96,_xlpm.nomi,Global!$J$5:$U$96,IFERROR(_xlfn.TOROW(_xlfn._xlws.SORT(_xlfn.UNIQUE(_xlfn._xlws.FILTER(_xlpm.orari,_xlfn.BYROW(_xlpm.nomi,_xlfn.LAMBDA(_xlpm.r,COUNTIF(_xlpm.r,_xlpm.nome)>0)) )))),""))} -> 0.375 | M55: 0.42291667 | N55: 0.59861111 | O55: 0.64652778 | P55: 0.72638889
B56: Medarova Keti | C56: =COUNTIF(Global!J$5:U$96,B56) -> 2 | J56: =COUNTA(L56:T56)>COUNTA(_xlfn.UNIQUE(_xlfn.TOCOL(L56:T56,1))) -> FALSE | K56: Frank Pétavy | L56: {=_xlfn.LET(_xlpm.nome,K56,_xlpm.orari,Global!$G$5:$G$96,_xlpm.nomi,Global!$J$5:$U$96,IFERROR(_xlfn.TOROW(_xlfn._xlws.SORT(_xlfn.UNIQUE(_xlfn._xlws.FILTER(_xlpm.orari,_xlfn.BYROW(_xlpm.nomi,_xlfn.LAMBDA(_xlpm.r,COUNTIF(_xlpm.r,_xlpm.nome)>0)) )))),""))} -> 0.375 | M56: 0.39097222 | N56: 0.50277778 | O56: 0.53472222 | P56: 0.63055556 | Q56: 0.67847222 | R56: 0.72638889 | S56: 0.77430556
B57: Michal Narojek | C57: =COUNTIF(Global!J$5:U$96,B57) -> 6 | J57: =COUNTA(L57:T57)>COUNTA(_xlfn.UNIQUE(_xlfn.TOCOL(L57:T57,1))) -> FALSE | K57: Evangelos Kotzagiorgis | L57: {=_xlfn.LET(_xlpm.nome,K57,_xlpm.orari,Global!$G$5:$G$96,_xlpm.nomi,Global!$J$5:$U$96,IFERROR(_xlfn.TOROW(_xlfn._xlws.SORT(_xlfn.UNIQUE(_xlfn._xlws.FILTER(_xlpm.orari,_xlfn.BYROW(_xlpm.nomi,_xlfn.LAMBDA(_xlpm.r,COUNTIF(_xlpm.r,_xlpm.nome)>0)) )))),""))} -> 0.375 | M57: 0.39097222 | N57: 0.48680556 | O57: 0.55069444 | P57: 0.56666667 | Q57: 0.63055556 | R57: 0.64652778 | S57: 0.69444444
B58: Michela | C58: =COUNTIF(Global!J$5:U$96,B58) -> 2 | J58: =COUNTA(L58:T58)>COUNTA(_xlfn.UNIQUE(_xlfn.TOCOL(L58:T58,1))) -> FALSE | K58: Napolitano Andrea | L58: {=_xlfn.LET(_xlpm.nome,K58,_xlpm.orari,Global!$G$5:$G$96,_xlpm.nomi,Global!$J$5:$U$96,IFERROR(_xlfn.TOROW(_xlfn._xlws.SORT(_xlfn.UNIQUE(_xlfn._xlws.FILTER(_xlpm.orari,_xlfn.BYROW(_xlpm.nomi,_xlfn.LAMBDA(_xlpm.r,COUNTIF(_xlpm.r,_xlpm.nome)>0)) )))),""))} -> 0.39097222 | M58: 0.42291667 | N58: 0.64652778 | O58: 0.6625 | P58: 0.71041667
B59: Mihaela Pereteatcu | C59: =COUNTIF(Global!J$5:U$96,B59) -> 5 | J59: =COUNTA(L59:T59)>COUNTA(_xlfn.UNIQUE(_xlfn.TOCOL(L59:T59,1))) -> FALSE | K59: Radovan Kyselica | L59: {=_xlfn.LET(_xlpm.nome,K59,_xlpm.orari,Global!$G$5:$G$96,_xlpm.nomi,Global!$J$5:$U$96,IFERROR(_xlfn.TOROW(_xlfn._xlws.SORT(_xlfn.UNIQUE(_xlfn._xlws.FILTER(_xlpm.orari,_xlfn.BYROW(_xlpm.nomi,_xlfn.LAMBDA(_xlpm.r,COUNTIF(_xlpm.r,_xlpm.nome)>0)) )))),""))} -> 0.375 | M59: 0.40694444 | N59: 0.50277778 | O59: 0.53472222
B60: Monika Ciesielska | C60: =COUNTIF(Global!J$5:U$96,B60) -> 5 | J60: =COUNTA(L60:T60)>COUNTA(_xlfn.UNIQUE(_xlfn.TOCOL(L60:T60,1))) -> FALSE | K60: Damian Krzak | L60: {=_xlfn.LET(_xlpm.nome,K60,_xlpm.orari,Global!$G$5:$G$96,_xlpm.nomi,Global!$J$5:$U$96,IFERROR(_xlfn.TOROW(_xlfn._xlws.SORT(_xlfn.UNIQUE(_xlfn._xlws.FILTER(_xlpm.orari,_xlfn.BYROW(_xlpm.nomi,_xlfn.LAMBDA(_xlpm.r,COUNTIF(_xlpm.r,_xlpm.nome)>0)) )))),""))} -> 0.375 | M60: 0.42291667
B61: Napolitano Andrea | C61: =COUNTIF(Global!J$5:U$96,B61) -> 5 | J61: =COUNTA(L61:T61)>COUNTA(_xlfn.UNIQUE(_xlfn.TOCOL(L61:T61,1))) -> FALSE | K61: Thibaut Sauces | L61: {=_xlfn.LET(_xlpm.nome,K61,_xlpm.orari,Global!$G$5:$G$96,_xlpm.nomi,Global!$J$5:$U$96,IFERROR(_xlfn.TOROW(_xlfn._xlws.SORT(_xlfn.UNIQUE(_xlfn._xlws.FILTER(_xlpm.orari,_xlfn.BYROW(_xlpm.nomi,_xlfn.LAMBDA(_xlpm.r,COUNTIF(_xlpm.r,_xlpm.nome)>0)) )))),""))} -> 0.375 | M61: 0.39097222 | N61: 0.50277778 | O61: 0.53472222 | P61: 0.64652778 | Q61: 0.69444444 | R61: 0.75833333
B62: Natalia Alberska | C62: =COUNTIF(Global!J$5:U$96,B62) -> 8 | J62: =COUNTA(L62:T62)>COUNTA(_xlfn.UNIQUE(_xlfn.TOCOL(L62:T62,1))) -> FALSE | K62: Elisa B. | L62: {=_xlfn.LET(_xlpm.nome,K62,_xlpm.orari,Global!$G$5:$G$96,_xlpm.nomi,Global!$J$5:$U$96,IFERROR(_xlfn.TOROW(_xlfn._xlws.SORT(_xlfn.UNIQUE(_xlfn._xlws.FILTER(_xlpm.orari,_xlfn.BYROW(_xlpm.nomi,_xlfn.LAMBDA(_xlpm.r,COUNTIF(_xlpm.r,_xlpm.nome)>0)) )))),""))} -> 0.39097222 | M62: 0.40694444 | N62: 0.48680556 | O62: 0.55069444 | P62: 0.56666667 | Q62: 0.63055556 | R62: 0.67847222 | S62: 0.72638889
B63: Oliver Bosnar | C63: =COUNTIF(Global!J$5:U$96,B63) -> 8 | J63: =COUNTA(L63:T63)>COUNTA(_xlfn.UNIQUE(_xlfn.TOCOL(L63:T63,1))) -> FALSE | K63: Ilaria | L63: {=_xlfn.LET(_xlpm.nome,K63,_xlpm.orari,Global!$G$5:$G$96,_xlpm.nomi,Global!$J$5:$U$96,IFERROR(_xlfn.TOROW(_xlfn._xlws.SORT(_xlfn.UNIQUE(_xlfn._xlws.FILTER(_xlpm.orari,_xlfn.BYROW(_xlpm.nomi,_xlfn.LAMBDA(_xlpm.r,COUNTIF(_xlpm.r,_xlpm.nome)>0)) )))),""))} -> 0.40694444 | M63: 0.42291667 | N63: 0.48680556 | O63: 0.55069444 | P63: 0.56666667 | Q63: 0.63055556 | R63: 0.67847222 | S63: 0.74236111
B64: Paunovic Ogren | C64: =COUNTIF(Global!J$5:U$96,B64) -> 5 | J64: =COUNTA(L64:T64)>COUNTA(_xlfn.UNIQUE(_xlfn.TOCOL(L64:T64,1))) -> FALSE | K64: Federica C. | L64: {=_xlfn.LET(_xlpm.nome,K64,_xlpm.orari,Global!$G$5:$G$96,_xlpm.nomi,Global!$J$5:$U$96,IFERROR(_xlfn.TOROW(_xlfn._xlws.SORT(_xlfn.UNIQUE(_xlfn._xlws.FILTER(_xlpm.orari,_xlfn.BYROW(_xlpm.nomi,_xlfn.LAMBDA(_xlpm.r,COUNTIF(_xlpm.r,_xlpm.nome)>0)) )))),""))} -> 0.39097222 | M64: 0.40694444 | N64: 0.63055556 | O64: 0.67847222 | P64: 0.74236111
B65: Pecoraro Simona | C65: =COUNTIF(Global!J$5:U$96,B65) -> 8 | J65: =COUNTA(L65:T65)>COUNTA(_xlfn.UNIQUE(_xlfn.TOCOL(L65:T65,1))) -> FALSE | K65: Piiroja Ivi | L65: {=_xlfn.LET(_xlpm.nome,K65,_xlpm.orari,Global!$G$5:$G$96,_xlpm.nomi,Global!$J$5:$U$96,IFERROR(_xlfn.TOROW(_xlfn._xlws.SORT(_xlfn.UNIQUE(_xlfn._xlws.FILTER(_xlpm.orari,_xlfn.BYROW(_xlpm.nomi,_xlfn.LAMBDA(_xlpm.r,COUNTIF(_xlpm.r,_xlpm.nome)>0)) )))),""))} -> 0.39097222 | M65: 0.42291667 | N65: 0.64652778 | O65: 0.69444444 | P65: 0.75833333
B66: Piiroja Ivi | C66: =COUNTIF(Global!J$5:U$96,B66) -> 5 | J66: =COUNTA(L66:T66)>COUNTA(_xlfn.UNIQUE(_xlfn.TOCOL(L66:T66,1))) -> FALSE | K66: Jakub Banka | L66: {=_xlfn.LET(_xlpm.nome,K66,_xlpm.orari,Global!$G$5:$G$96,_xlpm.nomi,Global!$J$5:$U$96,IFERROR(_xlfn.TOROW(_xlfn._xlws.SORT(_xlfn.UNIQUE(_xlfn._xlws.FILTER(_xlpm.orari,_xlfn.BYROW(_xlpm.nomi,_xlfn.LAMBDA(_xlpm.r,COUNTIF(_xlpm.r,_xlpm.nome)>0)) )))),""))} -> 0.375 | M66: 0.40694444
B67: Radovan Kyselica | C67: =COUNTIF(Global!J$5:U$96,B67) -> 4 | J67: =COUNTA(L67:T67)>COUNTA(_xlfn.UNIQUE(_xlfn.TOCOL(L67:T67,1))) -> FALSE | K67: GURRIERI ROSARIO | L67: {=_xlfn.LET(_xlpm.nome,K67,_xlpm.orari,Global!$G$5:$G$96,_xlpm.nomi,Global!$J$5:$U$96,IFERROR(_xlfn.TOROW(_xlfn._xlws.SORT(_xlfn.UNIQUE(_xlfn._xlws.FILTER(_xlpm.orari,_xlfn.BYROW(_xlpm.nomi,_xlfn.LAMBDA(_xlpm.r,COUNTIF(_xlpm.r,_xlpm.nome)>0)) )))),""))} -> 0.375 | M67: 0.42291667
B68: Raquel | C68: =COUNTIF(Global!J$5:U$96,B68) -> 5 | J68: =COUNTA(L68:T68)>COUNTA(_xlfn.UNIQUE(_xlfn.TOCOL(L68:T68,1))) -> FALSE | K68: Dariusz Neuhoff von der Ley | L68: {=_xlfn.LET(_xlpm.nome,K68,_xlpm.orari,Global!$G$5:$G$96,_xlpm.nomi,Global!$J$5:$U$96,IFERROR(_xlfn.TOROW(_xlfn._xlws.SORT(_xlfn.UNIQUE(_xlfn._xlws.FILTER(_xlpm.orari,_xlfn.BYROW(_xlpm.nomi,_xlfn.LAMBDA(_xlpm.r,COUNTIF(_xlpm.r,_xlpm.nome)>0)) )))),""))} -> 0.375 | M68: 0.42291667 | N68: 0.50277778 | O68: 0.53472222
B69: Rausch Laura | C69: =COUNTIF(Global!J$5:U$96,B69) -> 7 | J69: =COUNTA(L69:T69)>COUNTA(_xlfn.UNIQUE(_xlfn.TOCOL(L69:T69,1))) -> FALSE | K69: Alex Gentimis | L69: {=_xlfn.LET(_xlpm.nome,K69,_xlpm.orari,Global!$G$5:$G$96,_xlpm.nomi,Global!$J$5:$U$96,IFERROR(_xlfn.TOROW(_xlfn._xlws.SORT(_xlfn.UNIQUE(_xlfn._xlws.FILTER(_xlpm.orari,_xlfn.BYROW(_xlpm.nomi,_xlfn.LAMBDA(_xlpm.r,COUNTIF(_xlpm.r,_xlpm.nome)>0)) )))),""))} -> 0.48680556 | M69: 0.55069444 | N69: 0.56666667
B70: Roberto | C70: =COUNTIF(Global!J$5:U$96,B70) -> 7 | J70: =COUNTA(L70:T70)>COUNTA(_xlfn.UNIQUE(_xlfn.TOCOL(L70:T70,1))) -> FALSE | K70: Federica R. | L70: {=_xlfn.LET(_xlpm.nome,K70,_xlpm.orari,Global!$G$5:$G$96,_xlpm.nomi,Global!$J$5:$U$96,IFERROR(_xlfn.TOROW(_xlfn._xlws.SORT(_xlfn.UNIQUE(_xlfn._xlws.FILTER(_xlpm.orari,_xlfn.BYROW(_xlpm.nomi,_xlfn.LAMBDA(_xlpm.r,COUNTIF(_xlpm.r,_xlpm.nome)>0)) )))),""))} -> 0.40694444 | M70: 0.42291667 | N70: 0.47083333 | O70: 0.51875 | P70: 0.53472222
B71: ROMERO JULIAN | C71: =COUNTIF(Global!J$5:U$96,B71) -> 2 | J71: =COUNTA(L71:T71)>COUNTA(_xlfn.UNIQUE(_xlfn.TOCOL(L71:T71,1))) -> FALSE | K71: Flavio | L71: {=_xlfn.LET(_xlpm.nome,K71,_xlpm.orari,Global!$G$5:$G$96,_xlpm.nomi,Global!$J$5:$U$96,IFERROR(_xlfn.TOROW(_xlfn._xlws.SORT(_xlfn.UNIQUE(_xlfn._xlws.FILTER(_xlpm.orari,_xlfn.BYROW(_xlpm.nomi,_xlfn.LAMBDA(_xlpm.r,COUNTIF(_xlpm.r,_xlpm.nome)>0)) )))),""))} -> 0.39097222 | M71: 0.40694444 | N71: 0.63055556 | O71: 0.67847222 | P71: 0.72638889
B72: Scioni Barbara | C72: =COUNTIF(Global!J$5:U$96,B72) -> 5 | J72: =COUNTA(L72:T72)>COUNTA(_xlfn.UNIQUE(_xlfn.TOCOL(L72:T72,1))) -> FALSE | K72: Paunovic Ogren | L72: {=_xlfn.LET(_xlpm.nome,K72,_xlpm.orari,Global!$G$5:$G$96,_xlpm.nomi,Global!$J$5:$U$96,IFERROR(_xlfn.TOROW(_xlfn._xlws.SORT(_xlfn.UNIQUE(_xlfn._xlws.FILTER(_xlpm.orari,_xlfn.BYROW(_xlpm.nomi,_xlfn.LAMBDA(_xlpm.r,COUNTIF(_xlpm.r,_xlpm.nome)>0)) )))),""))} -> 0.39097222 | M72: 0.40694444 | N72: 0.64652778 | O72: 0.69444444 | P72: 0.75833333
B73: Seixas Joao | C73: =COUNTIF(Global!J$5:U$96,B73) -> 8 | J73: =COUNTA(L73:T73)>COUNTA(_xlfn.UNIQUE(_xlfn.TOCOL(L73:T73,1))) -> FALSE | K73: Claudiu Chirias | L73: {=_xlfn.LET(_xlpm.nome,K73,_xlpm.orari,Global!$G$5:$G$96,_xlpm.nomi,Global!$J$5:$U$96,IFERROR(_xlfn.TOROW(_xlfn._xlws.SORT(_xlfn.UNIQUE(_xlfn._xlws.FILTER(_xlpm.orari,_xlfn.BYROW(_xlpm.nomi,_xlfn.LAMBDA(_xlpm.r,COUNTIF(_xlpm.r,_xlpm.nome)>0)) )))),""))} -> 0.375 | M73: 0.40694444
B74: Serra Jose Manuel de Jesus | C74: =COUNTIF(Global!J$5:U$96,B74) -> 5 | J74: =COUNTA(L74:T74)>COUNTA(_xlfn.UNIQUE(_xlfn.TOCOL(L74:T74,1))) -> FALSE | K74: ROMERO JULIAN | L74: {=_xlfn.LET(_xlpm.nome,K74,_xlpm.orari,Global!$G$5:$G$96,_xlpm.nomi,Global!$J$5:$U$96,IFERROR(_xlfn.TOROW(_xlfn._xlws.SORT(_xlfn.UNIQUE(_xlfn._xlws.FILTER(_xlpm.orari,_xlfn.BYROW(_xlpm.nomi,_xlfn.LAMBDA(_xlpm.r,COUNTIF(_xlpm.r,_xlpm.nome)>0)) )))),""))} -> 0.375 | M74: 0.42291667
B75: Silvio | C75: =COUNTIF(Global!J$5:U$96,B75) -> 2 | J75: =COUNTA(L75:T75)>COUNTA(_xlfn.UNIQUE(_xlfn.TOCOL(L75:T75,1))) -> FALSE | K75: Jori Tyni | L75: {=_xlfn.LET(_xlpm.nome,K75,_xlpm.orari,Global!$G$5:$G$96,_xlpm.nomi,Global!$J$5:$U$96,IFERROR(_xlfn.TOROW(_xlfn._xlws.SORT(_xlfn.UNIQUE(_xlfn._xlws.FILTER(_xlpm.orari,_xlfn.BYROW(_xlpm.nomi,_xlfn.LAMBDA(_xlpm.r,COUNTIF(_xlpm.r,_xlpm.nome)>0)) )))),""))} -> 0.375 | M75: 0.42291667
B76: Stanciu Anca | C76: =COUNTIF(Global!J$5:U$96,B76) -> 7 | J76: =COUNTA(L76:T76)>COUNTA(_xlfn.UNIQUE(_xlfn.TOCOL(L76:T76,1))) -> FALSE | K76: Valeria | L76: {=_xlfn.LET(_xlpm.nome,K76,_xlpm.orari,Global!$G$5:$G$96,_xlpm.nomi,Global!$J$5:$U$96,IFERROR(_xlfn.TOROW(_xlfn._xlws.SORT(_xlfn.UNIQUE(_xlfn._xlws.FILTER(_xlpm.orari,_xlfn.BYROW(_xlpm.nomi,_xlfn.LAMBDA(_xlpm.r,COUNTIF(_xlpm.r,_xlpm.nome)>0)) )))),""))} -> 0.375 | M76: 0.40694444
B77: Tania | C77: =COUNTIF(Global!J$5:U$96,B77) -> 4 | J77: =COUNTA(L77:T77)>COUNTA(_xlfn.UNIQUE(_xlfn.TOCOL(L77:T77,1))) -> FALSE | K77: Michela | L77: {=_xlfn.LET(_xlpm.nome,K77,_xlpm.orari,Global!$G$5:$G$96,_xlpm.nomi,Global!$J$5:$U$96,IFERROR(_xlfn.TOROW(_xlfn._xlws.SORT(_xlfn.UNIQUE(_xlfn._xlws.FILTER(_xlpm.orari,_xlfn.BYROW(_xlpm.nomi,_xlfn.LAMBDA(_xlpm.r,COUNTIF(_xlpm.r,_xlpm.nome)>0)) )))),""))} -> 0.39097222 | M77: 0.40694444
B78: Thibaut Sauces | C78: =COUNTIF(Global!J$5:U$96,B78) -> 7 | J78: =COUNTA(L78:T78)>COUNTA(_xlfn.UNIQUE(_xlfn.TOCOL(L78:T78,1))) -> FALSE | K78: Silvio | L78: {=_xlfn.LET(_xlpm.nome,K78,_xlpm.orari,Global!$G$5:$G$96,_xlpm.nomi,Global!$J$5:$U$96,IFERROR(_xlfn.TOROW(_xlfn._xlws.SORT(_xlfn.UNIQUE(_xlfn._xlws.FILTER(_xlpm.orari,_xlfn.BYROW(_xlpm.nomi,_xlfn.LAMBDA(_xlpm.r,COUNTIF(_xlpm.r,_xlpm.nome)>0)) )))),""))} -> 0.39097222 | M78: 0.40694444
B79: Tom | C79: =COUNTIF(Global!J$5:U$96,B79) -> 5 | J79: =COUNTA(L79:T79)>COUNTA(_xlfn.UNIQUE(_xlfn.TOCOL(L79:T79,1))) -> FALSE | K79: Medarova Keti | L79: {=_xlfn.LET(_xlpm.nome,K79,_xlpm.orari,Global!$G$5:$G$96,_xlpm.nomi,Global!$J$5:$U$96,IFERROR(_xlfn.TOROW(_xlfn._xlws.SORT(_xlfn.UNIQUE(_xlfn._xlws.FILTER(_xlpm.orari,_xlfn.BYROW(_xlpm.nomi,_xlfn.LAMBDA(_xlpm.r,COUNTIF(_xlpm.r,_xlpm.nome)>0)) )))),""))} -> 0.39097222 | M79: 0.40694444
B80: Valentina Cordo | C80: =COUNTIF(Global!J$5:U$96,B80) -> 5 | J80: =COUNTA(L80:T80)>COUNTA(_xlfn.UNIQUE(_xlfn.TOCOL(L80:T80,1))) -> FALSE | K80: ANTONELLI Margherita | L80: {=_xlfn.LET(_xlpm.nome,K80,_xlpm.orari,Global!$G$5:$G$96,_xlpm.nomi,Global!$J$5:$U$96,IFERROR(_xlfn.TOROW(_xlfn._xlws.SORT(_xlfn.UNIQUE(_xlfn._xlws.FILTER(_xlpm.orari,_xlfn.BYROW(_xlpm.nomi,_xlfn.LAMBDA(_xlpm.r,COUNTIF(_xlpm.r,_xlpm.nome)>0)) )))),""))} -> 0.39097222 | M80: 0.42291667
B81: Valeria | C81: =COUNTIF(Global!J$5:U$96,B81) -> 2 | J81: =COUNTA(L81:T81)>COUNTA(_xlfn.UNIQUE(_xlfn.TOCOL(L81:T81,1))) -> FALSE | K81: Deniz Javier | L81: {=_xlfn.LET(_xlpm.nome,K81,_xlpm.orari,Global!$G$5:$G$96,_xlpm.nomi,Global!$J$5:$U$96,IFERROR(_xlfn.TOROW(_xlfn._xlws.SORT(_xlfn.UNIQUE(_xlfn._xlws.FILTER(_xlpm.orari,_xlfn.BYROW(_xlpm.nomi,_xlfn.LAMBDA(_xlpm.r,COUNTIF(_xlpm.r,_xlpm.nome)>0)) )))),""))} -> 0.39097222 | M81: 0.42291667
B82: Vasileios | C82: =COUNTIF(Global!J$5:U$96,B82) -> 8 | J82: =COUNTA(L82:T82)>COUNTA(_xlfn.UNIQUE(_xlfn.TOCOL(L82:T82,1))) -> FALSE | K82: Federica Ferretti | L82: {=_xlfn.LET(_xlpm.nome,K82,_xlpm.orari,Global!$G$5:$G$96,_xlpm.nomi,Global!$J$5:$U$96,IFERROR(_xlfn.TOROW(_xlfn._xlws.SORT(_xlfn.UNIQUE(_xlfn._xlws.FILTER(_xlpm.orari,_xlfn.BYROW(_xlpm.nomi,_xlfn.LAMBDA(_xlpm.r,COUNTIF(_xlpm.r,_xlpm.nome)>0)) )))),""))} -> 0.40694444 | M82: 0.42291667
B83: Wade | C83: =COUNTIF(Global!J$5:U$96,B83) -> 8 | J83: =COUNTA(L83:T83)>COUNTA(_xlfn.UNIQUE(_xlfn.TOCOL(L83:T83,1))) -> FALSE | K83: Amedja Ecki | L83: {=_xlfn.LET(_xlpm.nome,K83,_xlpm.orari,Global!$G$5:$G$96,_xlpm.nomi,Global!$J$5:$U$96,IFERROR(_xlfn.TOROW(_xlfn._xlws.SORT(_xlfn.UNIQUE(_xlfn._xlws.FILTER(_xlpm.orari,_xlfn.BYROW(_xlpm.nomi,_xlfn.LAMBDA(_xlpm.r,COUNTIF(_xlpm.r,_xlpm.nome)>0)) )))),""))} -> 0.39097222 | M83: 0.40694444
C84: =COUNTIF(Global!J$5:U$96,B84) -> 0 | J84: =COUNTA(L84:T84)>COUNTA(_xlfn.UNIQUE(_xlfn.TOCOL(L84:T84,1))) -> FALSE | K84: Diana | L84: {=_xlfn.LET(_xlpm.nome,K84,_xlpm.orari,Global!$G$5:$G$96,_xlpm.nomi,Global!$J$5:$U$96,IFERROR(_xlfn.TOROW(_xlfn._xlws.SORT(_xlfn.UNIQUE(_xlfn._xlws.FILTER(_xlpm.orari,_xlfn.BYROW(_xlpm.nomi,_xlfn.LAMBDA(_xlpm.r,COUNTIF(_xlpm.r,_xlpm.nome)>0)) )))),""))} -> 0.40694444 | M84: 0.42291667
C85: =COUNTIF(Global!J$5:U$96,B85) -> 0 | J85: =COUNTA(L85:T85)>COUNTA(_xlfn.UNIQUE(_xlfn.TOCOL(L85:T85,1))) -> FALSE | L85: {=_xlfn.LET(_xlpm.nome,K85,_xlpm.orari,Global!$G$5:$G$96,_xlpm.nomi,Global!$J$5:$U$96,IFERROR(_xlfn.TOROW(_xlfn._xlws.SORT(_xlfn.UNIQUE(_xlfn._xlws.FILTER(_xlpm.orari,_xlfn.BYROW(_xlpm.nomi,_xlfn.LAMBDA(_xlpm.r,COUNTIF(_xlpm.r,_xlpm.nome)>0)) )))),""))}
C86: =COUNTIF(Global!J$5:U$96,B86) -> 0 | J86: =COUNTA(L86:T86)>COUNTA(_xlfn.UNIQUE(_xlfn.TOCOL(L86:T86,1))) -> FALSE | L86: {=_xlfn.LET(_xlpm.nome,K86,_xlpm.orari,Global!$G$5:$G$96,_xlpm.nomi,Global!$J$5:$U$96,IFERROR(_xlfn.TOROW(_xlfn._xlws.SORT(_xlfn.UNIQUE(_xlfn._xlws.FILTER(_xlpm.orari,_xlfn.BYROW(_xlpm.nomi,_xlfn.LAMBDA(_xlpm.r,COUNTIF(_xlpm.r,_xlpm.nome)>0)) )))),""))}
C87: =COUNTIF(Global!J$5:U$96,B87) -> 0 | J87: =COUNTA(L87:T87)>COUNTA(_xlfn.UNIQUE(_xlfn.TOCOL(L87:T87,1))) -> FALSE | L87: {=_xlfn.LET(_xlpm.nome,K87,_xlpm.orari,Global!$G$5:$G$96,_xlpm.nomi,Global!$J$5:$U$96,IFERROR(_xlfn.TOROW(_xlfn._xlws.SORT(_xlfn.UNIQUE(_xlfn._xlws.FILTER(_xlpm.orari,_xlfn.BYROW(_xlpm.nomi,_xlfn.LAMBDA(_xlpm.r,COUNTIF(_xlpm.r,_xlpm.nome)>0)) )))),""))}
J88: =COUNTA(L88:T88)>COUNTA(_xlfn.UNIQUE(_xlfn.TOCOL(L88:T88,1))) -> FALSE | L88: {=_xlfn.LET(_xlpm.nome,K88,_xlpm.orari,Global!$G$5:$G$96,_xlpm.nomi,Global!$J$5:$U$96,IFERROR(_xlfn.TOROW(_xlfn._xlws.SORT(_xlfn.UNIQUE(_xlfn._xlws.FILTER(_xlpm.orari,_xlfn.BYROW(_xlpm.nomi,_xlfn.LAMBDA(_xlpm.r,COUNTIF(_xlpm.r,_xlpm.nome)>0)) )))),""))}
